--
-- PostgreSQL database dump
--

-- Dumped from database version 13.5
-- Dumped by pg_dump version 13.5

SET statement_timeout = 0;
SET lock_timeout = 0;
SET idle_in_transaction_session_timeout = 0;
SET client_encoding = 'UTF8';
SET standard_conforming_strings = on;
SELECT pg_catalog.set_config('search_path', '', false);
SET check_function_bodies = false;
SET xmloption = content;
SET client_min_messages = warning;
SET row_security = off;

SET default_tablespace = '';

SET default_table_access_method = heap;

--
-- Name: Quality_Table; Type: TABLE; Schema: public; Owner: postgres
--

CREATE TABLE public."Quality_Table" (
    "Quality_id" integer NOT NULL,
    "Quality_Name" character varying(50) NOT NULL
);


ALTER TABLE public."Quality_Table" OWNER TO postgres;

--
-- Name: Station_Table; Type: TABLE; Schema: public; Owner: postgres
--

CREATE TABLE public."Station_Table" (
    "Station_id" character varying(3) NOT NULL,
    "Station_Name" character varying(50) NOT NULL,
    "RTU_id" integer NOT NULL,
    "Abbreviation" character varying(20) NOT NULL
);


ALTER TABLE public."Station_Table" OWNER TO postgres;

--
-- Name: point_table; Type: TABLE; Schema: public; Owner: postgres
--

CREATE TABLE public.point_table (
    "Point_id" integer NOT NULL,
    "Point_Name" character varying(50) NOT NULL
);


ALTER TABLE public.point_table OWNER TO postgres;

--
-- Name: station_point_table; Type: TABLE; Schema: public; Owner: postgres
--

CREATE TABLE public.station_point_table (
    station_id integer NOT NULL,
    scada_key character varying(50) NOT NULL,
    iec_address character varying(50) NOT NULL,
    point_id integer NOT NULL
);


ALTER TABLE public.station_point_table OWNER TO postgres;

--
-- Data for Name: Quality_Table; Type: TABLE DATA; Schema: public; Owner: postgres
--

COPY public."Quality_Table" ("Quality_id", "Quality_Name") FROM stdin;
0	Good
1	Questionable
2	Substitution (Accum only)
4	Non-Update
8	Reasonability (Analog only)
16	Manual Entry
32	Drift (Analog only)
64	Estimation Error
128	Flatline (Analog only)
\.


--
-- Data for Name: Station_Table; Type: TABLE DATA; Schema: public; Owner: postgres
--

COPY public."Station_Table" ("Station_id", "Station_Name", "RTU_id", "Abbreviation") FROM stdin;
819	BETAM WIND	2	BETAM_CS
820	AYANA SOLAR	3	AYANA_CS
821	SPRING WIND	4	SPNGWIND_CS
822	NPKUNTA_22	5	NPK22_CS
823	NPKUNTA_23	6	NPK23_CS
824	SPRING SOLAR	7	SPNGSLR_CS
825	RAMAGUNDAM	8	RAMAGUNDAM_CS
826	SIMHADRI	9	SIMHSOLAR_CS
827	KAYAMKULAM SOLAR	10	KAYAMKULAM_CS
828	OSTRO WIND	11	OSTRO_CS
\.


--
-- Data for Name: point_table; Type: TABLE DATA; Schema: public; Owner: postgres
--

COPY public.point_table ("Point_id", "Point_Name") FROM stdin;
2	Status
3	Analog
1	SOE/Status
\.


--
-- Data for Name: station_point_table; Type: TABLE DATA; Schema: public; Owner: postgres
--

COPY public.station_point_table (station_id, scada_key, iec_address, point_id) FROM stdin;
819	3819001	10000	3
819	3819002	10001	3
819	3819003	10002	3
819	3819004	10003	3
819	3819005	10004	3
819	3819006	10005	3
819	3819007	10006	3
819	3819008	10007	3
819	3819009	10008	3
819	3819010	10009	3
819	3819011	10010	3
819	3819012	10011	3
819	3819013	10012	3
819	3819014	10013	3
819	3819015	10014	3
819	3819016	10015	3
819	3819017	10016	3
819	3819018	10017	3
819	3819019	10018	3
819	3819020	10019	3
819	3819021	10020	3
819	3819022	10021	3
819	3819023	10022	3
819	3819024	10023	3
819	3819025	10024	3
819	3819026	10025	3
819	3819027	10026	3
819	3819028	10027	3
819	3819029	10028	3
819	3819030	10029	3
819	3819031	10030	3
819	3819032	10031	3
819	3819033	10032	3
819	3819034	10033	3
819	3819035	10034	3
819	3819036	10035	3
819	3819037	10036	3
819	3819038	10037	3
819	3819039	10038	3
819	3819040	10039	3
819	3819041	10040	3
819	3819042	10041	3
819	3819043	10042	3
819	3819044	10043	3
819	3819045	10044	3
819	3819046	10045	3
819	3819047	10046	3
819	3819048	10047	3
819	3819049	10048	3
819	3819050	10049	3
819	3819051	10050	3
819	3819052	10051	3
819	3819053	10052	3
819	3819054	10053	3
819	3819055	10054	3
819	3819056	10055	3
819	3819057	10056	3
819	3819058	10057	3
819	3819059	10058	3
819	3819060	10059	3
819	3819061	10060	3
819	3819062	10061	3
819	3819063	10062	3
819	3819064	10063	3
819	3819065	10064	3
819	3819066	10065	3
819	3819067	10066	3
819	3819068	10067	3
819	3819069	10068	3
819	3819070	10069	3
819	3819071	10070	3
819	3819072	10071	3
819	3819073	10072	3
819	3819074	10073	3
819	3819075	10074	3
819	3819076	10075	3
819	3819077	10076	3
819	3819078	10077	3
819	3819079	10078	3
819	3819080	10079	3
819	3819081	10080	3
819	3819082	10081	3
819	3819083	10082	3
819	3819084	10083	3
819	3819085	10084	3
819	3819086	10085	3
819	3819087	10086	3
819	3819088	10087	3
819	3819089	10088	3
819	3819090	10089	3
819	3819091	10090	3
819	3819092	10091	3
819	3819093	10092	3
819	3819094	10093	3
819	3819095	10094	3
819	3819096	10095	3
819	3819097	10096	3
819	3819098	10097	3
819	3819099	10098	3
819	3819100	10099	3
819	3819101	10100	3
819	3819102	10101	3
819	3819103	10102	3
819	3819104	10103	3
819	3819105	10104	3
819	3819106	10105	3
819	3819107	10106	3
819	3819108	10107	3
819	3819109	10108	3
819	3819110	10109	3
819	3819111	10110	3
819	3819112	10111	3
819	3819113	10112	3
819	3819114	10113	3
819	3819115	10114	3
819	3819116	10115	3
819	3819117	10116	3
819	3819118	10117	3
819	3819119	10118	3
819	3819120	10119	3
819	3819121	10120	3
819	3819122	10121	3
819	3819123	10122	3
819	3819124	10123	3
819	3819125	10124	3
819	3819126	10125	3
819	3819127	10126	3
819	3819128	10127	3
819	3819129	10128	3
819	3819130	10129	3
819	3819131	10130	3
819	3819132	10131	3
819	3819133	10132	3
819	3819134	10133	3
819	3819135	10134	3
819	3819136	10135	3
819	3819137	10136	3
819	3819138	10137	3
819	3819139	10138	3
819	3819140	10139	3
819	3819141	10140	3
819	3819142	10141	3
819	3819143	10142	3
819	3819144	10143	3
819	3819145	10144	3
819	3819146	10145	3
819	3819147	10146	3
819	3819148	10147	3
819	3819149	10148	3
819	3819150	10149	3
819	3819151	10150	3
819	3819152	10151	3
819	3819153	10152	3
819	3819154	10153	3
819	3819155	10154	3
819	3819156	10155	3
819	3819157	10156	3
819	3819158	10157	3
819	3819159	10158	3
819	3819160	10159	3
819	3819161	10160	3
819	3819162	10161	3
819	3819163	10162	3
819	3819164	10163	3
819	3819165	10164	3
819	3819166	10165	3
819	3819167	10166	3
819	3819168	10167	3
819	3819169	10168	3
819	3819170	10169	3
819	3819171	10170	3
819	3819172	10171	3
819	3819173	10172	3
819	3819174	10173	3
819	3819175	10174	3
819	3819176	10175	3
819	3819177	10176	3
819	3819178	10177	3
819	3819179	10178	3
819	3819180	10179	3
819	3819181	10180	3
819	3819182	10181	3
819	3819183	10182	3
819	3819184	10183	3
819	3819185	10184	3
819	3819186	10185	3
819	3819187	10186	3
819	3819188	10187	3
819	3819189	10188	3
819	3819190	10189	3
819	3819191	10190	3
819	3819192	10191	3
819	3819193	10192	3
819	3819194	10193	3
819	3819195	10194	3
819	3819196	10195	3
819	3819197	10196	3
819	3819198	10197	3
819	3819199	10198	3
819	3819200	10199	3
819	3819201	10200	3
819	3819202	10201	3
819	3819203	10202	3
819	3819204	10203	3
819	3819205	10204	3
819	3819206	10205	3
819	3819207	10206	3
819	3819208	10207	3
819	3819209	10208	3
819	3819210	10209	3
819	3819211	10210	3
819	3819212	10211	3
819	3819213	10212	3
819	3819214	10213	3
819	3819215	10214	3
819	3819216	10215	3
819	3819217	10216	3
819	3819218	10217	3
819	3819219	10218	3
819	3819220	10219	3
819	3819221	10220	3
819	3819222	10221	3
819	3819223	10222	3
819	3819224	10223	3
819	3819225	10224	3
819	3819226	10225	3
819	3819227	10226	3
819	3819228	10227	3
819	3819229	10228	3
819	3819230	10229	3
819	3819231	10230	3
819	3819232	10231	3
819	3819233	10232	3
819	3819234	10233	3
819	3819235	10234	3
819	3819236	10235	3
819	3819237	10236	3
819	3819238	10237	3
819	3819239	10238	3
819	3819240	10239	3
819	3819241	10240	3
819	3819242	10241	3
819	3819243	10242	3
819	3819244	10243	3
819	3819245	10244	3
819	3819246	10245	3
819	3819247	10246	3
819	3819248	10247	3
819	3819249	10248	3
819	3819250	10249	3
819	3819251	10250	3
819	3819252	10251	3
819	3819253	10252	3
819	3819254	10253	3
819	3819255	10254	3
819	3819256	10255	3
819	3819257	10256	3
819	3819258	10257	3
819	3819259	10258	3
819	3819260	10259	3
819	3819261	10260	3
819	3819262	10261	3
819	3819263	10262	3
819	3819264	10263	3
819	3819265	10264	3
819	3819266	10265	3
819	3819267	10266	3
819	3819268	10267	3
819	3819269	10268	3
819	3819270	10269	3
819	3819271	10270	3
819	3819272	10271	3
819	3819273	10272	3
819	3819274	10273	3
819	3819275	10274	3
819	3819276	10275	3
819	3819277	10276	3
819	3819278	10277	3
819	3819279	10278	3
819	3819280	10279	3
819	3819281	10280	3
819	3819282	10281	3
819	3819283	10282	3
819	3819284	10283	3
819	3819285	10284	3
819	3819286	10285	3
819	3819287	10286	3
819	3819288	10287	3
819	3819289	10288	3
819	3819290	10289	3
819	3819291	10290	3
819	3819292	10291	3
819	3819293	10292	3
819	3819294	10293	3
819	3819295	10294	3
819	3819296	10295	3
819	3819297	10296	3
819	3819298	10297	3
819	3819299	10298	3
819	3819300	10299	3
819	3819301	10300	3
819	3819302	10301	3
819	3819303	10302	3
819	3819304	10303	3
819	3819305	10304	3
819	3819306	10305	3
819	3819307	10306	3
819	3819308	10307	3
819	3819309	10308	3
819	3819310	10309	3
819	3819311	10310	3
819	3819312	10311	3
819	3819313	10312	3
819	3819314	10313	3
819	3819315	10314	3
819	3819316	10315	3
819	3819317	10316	3
819	3819318	10317	3
819	3819319	10318	3
819	3819320	10319	3
819	3819321	10320	3
819	3819322	10321	3
819	3819323	10322	3
819	3819324	10323	3
819	3819325	10324	3
819	3819326	10325	3
819	3819327	10326	3
819	3819328	10327	3
819	3819329	10328	3
819	3819330	10329	3
819	3819331	10330	3
819	3819332	10331	3
819	3819333	10332	3
819	3819334	10333	3
819	3819335	10334	3
819	3819336	10335	3
819	3819337	10336	3
819	3819338	10337	3
819	3819339	10338	3
819	3819340	10339	3
819	3819341	10340	3
819	3819342	10341	3
819	3819343	10342	3
819	3819344	10343	3
819	3819345	10344	3
819	3819346	10345	3
819	3819347	10346	3
819	3819348	10347	3
819	3819349	10348	3
819	3819350	10349	3
819	3819351	10350	3
819	3819352	10351	3
819	3819353	10352	3
819	3819354	10353	3
819	3819355	10354	3
819	3819356	10355	3
819	3819357	10356	3
819	3819358	10357	3
819	3819359	10358	3
819	3819360	10359	3
819	3819361	10360	3
819	3819362	10361	3
819	3819363	10362	3
819	3819364	10363	3
819	3819365	10364	3
819	3819366	10365	3
819	3819367	10366	3
819	3819368	10367	3
819	3819369	10368	3
819	3819370	10369	3
819	3819371	10370	3
819	3819372	10371	3
819	3819373	10372	3
819	3819374	10373	3
819	3819375	10374	3
819	3819376	10375	3
819	3819377	10376	3
819	3819378	10377	3
819	3819379	10378	3
819	3819380	10379	3
819	3819381	10380	3
819	3819382	10381	3
819	3819383	10382	3
819	3819384	10383	3
819	3819385	10384	3
819	3819386	10385	3
819	3819387	10386	3
819	3819388	10387	3
819	3819389	10388	3
819	3819390	10389	3
819	3819391	10390	3
819	3819392	10391	3
819	3819393	10392	3
819	3819394	10393	3
819	3819395	10394	3
819	3819396	10395	3
819	3819397	10396	3
819	3819398	10397	3
819	3819399	10398	3
819	3819400	10399	3
819	3819401	10400	3
819	3819402	10401	3
819	3819403	10402	3
819	3819404	10403	3
819	3819405	10404	3
819	3819406	10405	3
819	3819407	10406	3
819	3819408	10407	3
819	3819409	10408	3
819	3819410	10409	3
819	3819411	10410	3
819	3819412	10411	3
819	3819413	10412	3
819	3819414	10413	3
819	3819415	10414	3
819	3819416	10415	3
819	3819417	10416	3
819	3819418	10417	3
819	3819419	10418	3
819	3819420	10419	3
819	3819421	10420	3
819	3819422	10421	3
819	3819423	10422	3
819	3819424	10423	3
819	3819425	10424	3
819	3819426	10425	3
819	3819427	10426	3
819	3819428	10427	3
819	3819429	10428	3
819	3819430	10429	3
819	3819431	10430	3
819	3819432	10431	3
819	3819433	10432	3
819	3819434	10433	3
819	3819435	10434	3
819	3819436	10435	3
819	3819437	10436	3
819	3819438	10437	3
819	3819439	10438	3
819	3819440	10439	3
819	3819441	10440	3
819	3819442	10441	3
819	3819443	10442	3
819	3819444	10443	3
819	3819445	10444	3
819	3819446	10445	3
819	1819001	3000	1
819	1819002	3001	1
819	1819003	3002	1
819	1819004	3003	1
819	1819005	3004	1
819	1819006	3005	1
819	1819007	3006	1
819	1819008	3008	1
819	1819009	3009	1
819	1819010	3010	1
819	1819011	3011	1
819	1819012	3012	1
819	1819013	3013	1
819	1819014	3014	1
819	1819015	3015	1
819	1819016	3019	1
819	1819017	3020	1
819	1819018	3016	1
819	1819019	3017	1
819	1819020	3018	1
819	1819021	3021	1
819	2819001	5000	2
819	2819002	5001	2
819	2819003	5002	2
819	2819004	5003	2
819	2819005	5004	2
819	2819006	5005	2
819	2819007	5006	2
819	2819008	5007	2
819	2819009	5008	2
819	2819010	5009	2
819	2819011	5010	2
819	2819012	5011	2
819	2819013	5012	2
819	2819014	5013	2
819	2819015	5014	2
819	2819016	5015	2
819	2819017	5016	2
819	2819018	5017	2
819	2819019	5018	2
819	2819020	5019	2
819	2819021	5020	2
819	2819022	5021	2
819	2819023	5022	2
819	2819024	5023	2
819	2819025	5024	2
819	2819026	5025	2
819	2819027	5026	2
819	2819028	5027	2
819	2819029	5028	2
819	2819030	5029	2
819	2819031	5030	2
819	2819032	5031	2
819	2819033	5032	2
819	2819034	5033	2
819	2819035	5034	2
819	2819036	5035	2
819	2819037	5036	2
819	2819038	5037	2
819	2819039	5038	2
819	2819040	5039	2
819	2819041	5040	2
819	2819042	5041	2
819	2819043	5042	2
819	2819044	5043	2
819	2819045	5044	2
819	2819046	5045	2
819	2819047	5046	2
819	2819048	5047	2
819	2819049	5048	2
819	2819050	5049	2
819	2819051	5050	2
819	2819052	5051	2
819	2819053	5052	2
819	2819054	5053	2
819	2819055	5054	2
819	2819056	5055	2
819	2819057	5056	2
819	2819058	5057	2
819	2819059	5058	2
819	2819060	5059	2
819	2819061	5060	2
819	2819062	5061	2
819	2819063	5062	2
819	2819064	5063	2
819	2819065	5064	2
819	2819066	5065	2
819	2819067	5066	2
819	2819068	5067	2
819	2819069	5068	2
819	2819070	5069	2
819	2819071	5070	2
819	2819072	5071	2
819	2819073	5072	2
819	2819074	5073	2
819	2819075	5074	2
819	2819076	5075	2
819	2819077	5076	2
819	2819078	5077	2
819	2819079	5078	2
819	2819080	5079	2
819	2819081	5080	2
819	2819082	5081	2
819	2819083	5082	2
819	2819084	5083	2
819	2819085	5084	2
819	2819086	5085	2
819	2819087	5086	2
819	2819088	5087	2
819	2819089	5088	2
819	2819090	5089	2
819	2819091	5090	2
819	2819092	5091	2
819	2819093	5092	2
819	2819094	5093	2
819	2819095	5094	2
819	2819096	5095	2
819	2819097	5096	2
819	2819098	5097	2
819	2819099	5098	2
819	2819100	5099	2
819	2819101	5100	2
819	2819102	5101	2
819	2819103	5102	2
819	2819104	5103	2
819	2819105	5104	2
819	2819106	5105	2
819	2819107	5106	2
819	2819108	5107	2
819	2819109	5108	2
819	2819110	5109	2
819	2819111	5110	2
819	2819112	5111	2
819	2819113	5112	2
819	2819114	5113	2
819	2819115	5114	2
819	2819116	5115	2
819	2819117	5116	2
819	2819118	5117	2
819	2819119	5118	2
819	2819120	5119	2
819	2819121	5120	2
819	2819122	5121	2
819	2819123	5122	2
819	2819124	5123	2
819	2819125	5124	2
819	2819126	5125	2
819	2819127	5126	2
819	2819128	5127	2
819	2819129	5128	2
819	2819130	5129	2
819	2819131	5130	2
819	2819132	5131	2
819	2819133	5132	2
819	2819134	5133	2
819	2819135	5134	2
819	2819136	5135	2
819	2819137	5136	2
819	2819138	5137	2
819	2819139	5138	2
819	2819140	5139	2
819	2819141	5140	2
819	2819142	5141	2
819	2819143	5142	2
819	2819144	5143	2
819	2819145	5144	2
819	2819146	5145	2
819	2819147	5146	2
819	2819148	5147	2
819	2819149	5148	2
819	2819150	5149	2
819	2819151	5150	2
819	2819152	5151	2
819	2819153	5152	2
819	2819154	5153	2
819	2819155	5154	2
819	2819156	5155	2
819	2819157	5156	2
819	2819158	5157	2
819	2819159	5158	2
819	2819160	5159	2
819	2819161	5160	2
819	2819162	5161	2
819	2819163	5162	2
819	2819164	5163	2
819	2819165	5164	2
819	2819166	5165	2
819	2819167	5166	2
819	2819168	5167	2
819	2819169	5168	2
819	2819170	5169	2
819	2819171	5170	2
819	2819172	5171	2
819	2819173	5172	2
819	2819174	5173	2
819	2819175	5174	2
819	2819176	5175	2
819	2819177	5176	2
819	2819178	5177	2
819	2819179	5178	2
819	2819180	5179	2
819	2819181	5180	2
819	2819182	5181	2
819	2819183	5182	2
819	2819184	5183	2
819	2819185	5184	2
819	2819186	5185	2
819	2819187	5186	2
819	2819188	5187	2
819	2819189	5188	2
819	2819190	5189	2
819	2819191	5190	2
819	2819192	5191	2
819	2819193	5192	2
819	2819194	5193	2
819	2819195	5194	2
819	2819196	5195	2
819	2819197	5196	2
819	2819198	5197	2
819	2819199	5198	2
819	2819200	5199	2
819	2819201	5200	2
819	2819202	5201	2
819	2819203	5202	2
819	2819204	5203	2
819	2819205	5204	2
819	2819206	5205	2
819	2819207	5206	2
819	2819208	5207	2
819	2819209	5208	2
819	2819210	5209	2
819	2819211	5210	2
819	2819212	5211	2
819	2819213	5212	2
819	2819214	5213	2
819	2819215	5214	2
819	2819216	5215	2
819	2819217	5216	2
819	2819218	5217	2
819	2819219	5218	2
819	2819220	5219	2
819	2819221	5220	2
819	2819222	5221	2
819	2819223	5222	2
819	2819224	5223	2
819	2819225	5224	2
819	2819226	5225	2
819	2819227	5226	2
819	2819228	5227	2
819	2819229	5228	2
819	2819230	5229	2
819	2819231	5230	2
819	2819232	5231	2
819	2819233	5232	2
819	2819234	5233	2
819	2819235	5234	2
819	2819236	5235	2
819	2819237	5236	2
819	2819238	5237	2
819	2819239	5238	2
819	2819240	5239	2
819	2819241	5240	2
819	2819242	5241	2
819	2819243	5242	2
819	2819244	5243	2
819	2819245	5244	2
819	2819246	5245	2
819	2819247	5246	2
819	2819248	5247	2
819	2819249	5248	2
819	2819250	5249	2
819	2819251	5250	2
819	2819252	5251	2
819	2819253	5252	2
819	2819254	5253	2
819	2819255	5254	2
819	2819256	5255	2
819	2819257	5256	2
819	2819258	5257	2
819	2819259	5258	2
819	2819260	5259	2
819	2819261	5260	2
819	2819262	5261	2
819	2819263	5262	2
819	2819264	5263	2
819	2819265	5264	2
819	2819266	5265	2
819	2819267	5266	2
819	2819268	5267	2
819	2819269	5268	2
819	2819270	5269	2
819	2819271	5270	2
819	2819272	5271	2
819	2819273	5272	2
819	2819274	5273	2
819	2819275	5274	2
819	2819276	5275	2
819	2819277	5276	2
819	2819278	5277	2
819	2819279	5278	2
819	2819280	5279	2
819	2819281	5280	2
819	2819282	5281	2
819	2819283	5282	2
819	2819284	5283	2
819	2819285	5284	2
819	2819286	5285	2
819	2819287	5286	2
819	2819288	5287	2
819	2819289	5288	2
819	2819290	5289	2
819	2819291	5290	2
819	2819292	5291	2
819	2819293	5292	2
819	2819294	5293	2
819	2819295	5294	2
819	2819296	5295	2
819	2819297	5296	2
819	2819298	5297	2
819	2819299	5298	2
819	2819300	5299	2
819	2819301	5300	2
819	2819302	5301	2
819	2819303	5302	2
819	2819304	5303	2
819	2819305	5304	2
819	2819306	5305	2
819	2819307	5306	2
819	2819308	5307	2
819	2819309	5308	2
819	2819310	5309	2
819	2819311	5310	2
819	2819312	5311	2
819	2819313	5312	2
819	2819314	5313	2
819	2819315	5314	2
819	2819316	5315	2
819	2819317	5316	2
819	2819318	5317	2
819	2819319	5318	2
819	2819320	5319	2
819	2819321	5320	2
819	2819322	5321	2
819	2819323	5322	2
819	2819324	5323	2
819	2819325	5324	2
819	2819326	5325	2
819	2819327	5326	2
819	2819328	5327	2
819	2819329	5328	2
819	2819330	5329	2
819	2819331	5330	2
819	2819332	5331	2
819	2819333	5332	2
819	2819334	5333	2
819	2819335	5334	2
819	2819336	5335	2
819	2819337	5336	2
819	2819338	5337	2
819	2819339	5338	2
819	2819340	5339	2
819	2819341	5340	2
819	2819342	5341	2
819	2819343	5342	2
819	2819344	5343	2
819	2819345	5344	2
819	2819346	5345	2
819	2819347	5346	2
819	2819348	5347	2
819	2819349	5348	2
819	2819350	5349	2
819	2819351	5350	2
819	2819352	5351	2
819	2819353	5352	2
819	2819354	5353	2
819	2819355	5354	2
819	2819356	5355	2
819	2819357	5356	2
819	2819358	5357	2
819	2819359	5358	2
819	2819360	5359	2
819	2819361	5360	2
819	2819362	5361	2
819	2819363	5362	2
819	2819364	5363	2
819	2819365	5364	2
819	2819366	5365	2
819	2819367	5366	2
819	2819368	5367	2
819	2819369	5368	2
819	2819370	5369	2
819	2819371	5370	2
819	2819372	5371	2
819	2819373	5372	2
819	2819374	5373	2
819	2819375	5374	2
819	2819376	5375	2
819	2819377	5376	2
819	2819378	5377	2
819	2819379	5378	2
819	2819380	5379	2
819	2819381	5380	2
819	2819382	5381	2
819	2819383	5382	2
819	2819384	5383	2
819	2819385	5384	2
819	2819386	5385	2
819	2819387	5386	2
819	2819388	5387	2
819	2819389	5388	2
819	2819390	5389	2
819	2819391	5390	2
819	2819392	5391	2
819	2819393	5392	2
819	2819394	5393	2
819	2819395	5394	2
819	2819396	5395	2
819	2819397	5396	2
819	2819398	5397	2
819	2819399	5398	2
819	2819400	5399	2
819	2819401	5400	2
819	2819402	5401	2
819	2819403	5402	2
819	2819404	5403	2
819	2819405	5404	2
819	2819406	5405	2
819	2819407	5406	2
819	2819408	5407	2
819	2819409	5408	2
819	2819410	5409	2
819	2819411	5410	2
819	2819412	5411	2
819	2819413	5412	2
819	2819414	5413	2
819	2819415	5414	2
819	2819416	5415	2
819	2819417	5416	2
819	2819418	5417	2
819	2819419	5418	2
819	2819420	5419	2
819	2819421	5420	2
819	2819422	5421	2
819	2819423	5422	2
819	2819424	5423	2
819	2819425	5424	2
819	2819426	5425	2
819	2819427	5426	2
819	2819428	5427	2
819	2819429	5428	2
819	2819430	5429	2
819	2819431	5430	2
819	2819432	5431	2
819	2819433	5432	2
819	2819434	5433	2
819	2819435	5434	2
819	2819436	5435	2
819	2819437	5436	2
819	2819438	5437	2
819	2819439	5438	2
819	2819440	5439	2
819	2819441	5440	2
819	2819442	5441	2
819	2819443	5442	2
819	2819444	5443	2
819	2819445	5444	2
819	2819446	5445	2
819	2819447	5446	2
819	2819448	5453	2
819	2819449	5448	2
819	2819450	5449	2
819	2819451	5450	2
819	2819452	5451	2
819	2819453	5452	2
820	3820001	10000	3
820	3820002	10001	3
820	3820003	10002	3
820	3820004	10003	3
820	3820005	10004	3
820	3820006	10005	3
820	3820007	10006	3
820	3820008	10007	3
820	3820009	10008	3
820	3820010	10009	3
820	3820011	10010	3
820	3820012	10011	3
820	3820013	10012	3
820	3820014	10013	3
820	3820015	10014	3
820	3820016	10015	3
820	3820017	10016	3
820	3820018	10017	3
820	3820019	10018	3
820	3820020	10019	3
820	3820021	10020	3
820	3820022	10021	3
820	3820023	10022	3
820	3820024	10023	3
820	3820025	10024	3
820	3820026	10025	3
820	3820027	10026	3
820	3820028	10027	3
820	3820029	10028	3
820	3820030	10029	3
820	3820031	10030	3
820	3820032	10031	3
820	3820033	10032	3
820	3820034	10033	3
820	3820035	10034	3
820	3820036	10035	3
820	3820037	10036	3
820	3820038	10037	3
820	3820039	10038	3
820	3820040	10039	3
820	3820041	10040	3
820	3820042	10041	3
820	3820043	10042	3
820	3820044	10043	3
820	3820045	10044	3
820	3820046	10045	3
820	3820047	10046	3
820	3820048	10047	3
820	3820049	10048	3
820	3820050	10049	3
820	3820051	10050	3
820	3820052	10051	3
820	3820053	10052	3
820	3820054	10053	3
820	3820055	10054	3
820	3820056	10055	3
820	3820057	10056	3
820	3820058	10057	3
820	3820059	10058	3
820	3820060	10059	3
820	3820061	10060	3
820	3820062	10061	3
820	3820063	10062	3
820	3820064	10063	3
820	3820065	10064	3
820	3820066	10065	3
820	3820067	10066	3
820	3820068	10067	3
820	3820069	10068	3
820	3820070	10069	3
820	3820071	10070	3
820	3820072	10071	3
820	3820073	10072	3
820	3820074	10073	3
820	3820075	10074	3
820	3820076	10075	3
820	3820077	10076	3
820	3820078	10077	3
820	3820079	10078	3
820	3820080	10079	3
820	3820081	10080	3
820	3820082	10081	3
820	3820083	10082	3
820	3820084	10083	3
820	3820085	10084	3
820	3820086	10085	3
820	3820087	10086	3
820	3820088	10087	3
820	3820089	10088	3
820	3820090	10089	3
820	3820091	10090	3
820	3820092	10091	3
820	3820093	10092	3
820	3820094	10093	3
820	3820095	10094	3
820	3820096	10095	3
820	3820097	10096	3
820	3820098	10097	3
820	3820099	10098	3
820	3820100	10099	3
820	3820101	10100	3
820	3820102	10101	3
820	3820103	10102	3
820	3820104	10103	3
820	3820105	10104	3
820	3820106	10105	3
820	3820107	10106	3
820	3820108	10107	3
820	3820109	10108	3
820	3820110	10109	3
820	3820111	10110	3
820	3820112	10111	3
820	3820113	10112	3
820	3820114	10113	3
820	3820115	10114	3
820	3820116	10115	3
820	3820117	10116	3
820	3820118	10117	3
820	3820119	10118	3
820	3820120	10119	3
820	3820121	10120	3
820	3820122	10121	3
820	3820123	10122	3
820	3820124	10123	3
820	3820125	10124	3
820	3820126	10125	3
820	3820127	10126	3
820	3820128	10127	3
820	3820129	10128	3
820	3820130	10129	3
820	3820131	10130	3
820	3820132	10131	3
820	3820133	10132	3
820	3820134	10133	3
820	3820135	10134	3
820	3820136	10135	3
820	3820137	10136	3
820	3820138	10137	3
820	3820139	10138	3
820	3820140	10139	3
820	3820141	10140	3
820	3820142	10141	3
820	3820143	10142	3
820	3820144	10143	3
820	3820145	10144	3
820	3820146	10145	3
820	3820147	10146	3
820	3820148	10147	3
820	3820149	10148	3
820	3820150	10149	3
820	3820151	10150	3
820	3820152	10151	3
820	3820153	10152	3
820	3820154	10153	3
820	3820155	10154	3
820	3820156	10155	3
820	3820157	10156	3
820	3820158	10157	3
820	3820159	10158	3
820	3820160	10159	3
820	3820161	10160	3
820	3820162	10161	3
820	3820163	10162	3
820	3820164	10163	3
820	3820165	10164	3
820	3820166	10165	3
820	3820167	10166	3
820	3820168	10167	3
820	3820169	10168	3
820	3820170	10169	3
820	3820171	10170	3
820	3820172	10171	3
820	3820173	10172	3
820	3820174	10173	3
820	3820175	10174	3
820	3820176	10175	3
820	3820177	10176	3
820	3820178	10177	3
820	3820179	10178	3
820	3820180	10179	3
820	3820181	10180	3
820	3820182	10181	3
820	3820183	10182	3
820	3820184	10183	3
820	3820185	10184	3
820	3820186	10185	3
820	3820187	10186	3
820	3820188	10187	3
820	3820189	10188	3
820	3820190	10189	3
820	3820191	10190	3
820	3820192	10191	3
820	3820193	10192	3
820	3820194	10193	3
820	3820195	10194	3
820	3820196	10195	3
820	3820197	10196	3
820	3820198	10197	3
820	3820199	10198	3
820	3820200	10199	3
820	3820201	10200	3
820	3820202	10201	3
820	3820203	10202	3
820	3820204	10203	3
820	3820205	10204	3
820	3820206	10205	3
820	3820207	10206	3
820	3820208	10207	3
820	3820209	10208	3
820	3820210	10209	3
820	3820211	10210	3
820	3820212	10211	3
820	3820213	10212	3
820	3820214	10213	3
820	3820215	10214	3
820	3820216	10215	3
820	3820217	10216	3
820	3820218	10217	3
820	3820219	10218	3
820	3820220	10219	3
820	3820221	10220	3
820	3820222	10221	3
820	3820223	10222	3
820	3820224	10223	3
820	3820225	10224	3
820	3820226	10225	3
820	3820227	10226	3
820	3820228	10227	3
820	3820229	10228	3
820	3820230	10229	3
820	3820231	10230	3
820	3820232	10231	3
820	3820233	10232	3
820	3820234	10233	3
820	3820235	10234	3
820	3820236	10235	3
820	3820237	10236	3
820	3820238	10237	3
820	3820239	10238	3
820	3820240	10239	3
820	3820241	10240	3
820	3820242	10241	3
820	3820243	10242	3
820	3820244	10243	3
820	3820245	10244	3
820	3820246	10245	3
820	3820247	10246	3
820	3820248	10247	3
820	3820249	10248	3
820	3820250	10249	3
820	3820251	10250	3
820	3820252	10251	3
820	3820253	10252	3
820	3820254	10253	3
820	3820255	10254	3
820	3820256	10255	3
820	3820257	10256	3
820	3820258	10257	3
820	3820259	10258	3
820	3820260	10259	3
820	3820261	10260	3
820	3820262	10261	3
820	3820263	10262	3
820	3820264	10263	3
820	3820265	10264	3
820	3820266	10265	3
820	3820267	10266	3
820	3820268	10267	3
820	3820269	10268	3
820	3820270	10269	3
820	3820271	10270	3
820	3820272	10271	3
820	3820273	10272	3
820	3820274	10273	3
820	3820275	10274	3
820	1820001	5000	1
820	1820002	5001	1
820	1820003	5002	1
820	1820004	5003	1
820	1820005	5004	1
820	1820006	5005	1
820	1820007	5006	1
820	1820008	5007	1
820	1820009	5008	1
820	1820010	5009	1
820	1820011	5010	1
820	1820012	5011	1
820	1820013	5012	1
820	1820014	5013	1
820	1820015	5014	1
820	1820016	5015	1
820	1820017	5016	1
820	1820018	5017	1
820	1820035	5018	1
820	1820036	5019	1
820	1820037	5020	1
820	1820038	5021	1
820	1820039	5022	1
820	1820040	5023	1
820	1820041	5024	1
820	1820042	5025	1
820	1820043	5026	1
820	1820044	5027	1
820	1820045	5028	1
820	1820046	5029	1
820	1820047	5030	1
820	1820048	5031	1
820	1820049	5032	1
820	1820050	5033	1
820	1820051	5034	1
820	1820052	5035	1
820	1820053	5036	1
820	1820054	5037	1
820	1820055	5038	1
820	1820072	5039	1
820	1820073	5040	1
820	1820074	5041	1
820	1820075	5042	1
820	1820076	5043	1
820	1820077	5044	1
820	1820078	5045	1
820	1820079	5046	1
820	1820080	5047	1
820	1820081	5048	1
820	1820082	5049	1
820	1820083	5050	1
820	1820084	5051	1
820	1820085	5052	1
820	1820086	5053	1
820	1820087	5054	1
820	1820088	5055	1
820	1820089	5056	1
820	1820090	5057	1
820	1820091	5058	1
820	1820092	5059	1
820	1820109	5060	1
820	1820110	5061	1
820	1820111	5062	1
820	1820112	5063	1
820	1820113	5064	1
820	1820114	5065	1
820	1820115	5066	1
820	1820116	5067	1
820	1820117	5068	1
820	1820118	5069	1
820	1820119	5070	1
820	1820120	5071	1
820	1820121	5072	1
820	1820122	5073	1
820	1820123	5074	1
820	1820124	5075	1
820	1820125	5076	1
820	1820126	5077	1
820	1820127	5078	1
820	1820128	5079	1
820	1820129	5080	1
820	1820146	5081	1
820	1820147	5082	1
820	1820148	5083	1
820	1820149	5084	1
820	1820150	5085	1
820	1820151	5086	1
820	1820152	5087	1
820	1820153	5088	1
820	1820154	5089	1
820	1820155	5090	1
820	1820156	5091	1
820	1820157	5092	1
820	1820158	5093	1
820	1820159	5094	1
820	1820160	5095	1
820	1820161	5096	1
820	1820162	5097	1
820	1820163	5098	1
820	1820164	5099	1
820	1820165	5100	1
820	1820166	5101	1
820	1820183	5102	1
820	1820184	5103	1
820	1820185	5104	1
820	2820001	3000	2
820	2820002	3001	2
820	2820003	3002	2
820	2820004	3003	2
820	2820005	3004	2
820	2820006	3005	2
820	2820007	3006	2
820	2820008	3007	2
820	2820009	3008	2
820	2820010	3009	2
821	3821001	10000	3
821	3821002	10001	3
821	3821003	10002	3
821	3821004	10003	3
821	3821005	10004	3
821	3821006	10005	3
821	3821007	10006	3
821	3821008	10007	3
821	3821009	10008	3
821	3821010	10009	3
821	3821011	10010	3
821	3821012	10011	3
821	3821013	10012	3
821	3821014	10013	3
821	3821015	10014	3
821	3821016	10015	3
821	3821017	10016	3
821	3821018	10017	3
821	3821019	10018	3
821	3821020	10019	3
821	3821021	10020	3
821	3821022	10021	3
821	3821023	10022	3
821	3821024	10023	3
821	3821025	10024	3
821	3821026	10025	3
821	3821027	10026	3
821	3821028	10027	3
821	3821029	10028	3
821	3821030	10029	3
821	3821031	10030	3
821	3821032	10031	3
821	3821033	10032	3
821	3821034	10033	3
821	3821035	10034	3
821	3821036	10035	3
821	3821037	10036	3
821	3821038	10037	3
821	3821039	10038	3
821	3821040	10039	3
821	3821041	10040	3
821	3821042	10041	3
821	3821043	10042	3
821	3821044	10043	3
821	3821045	10044	3
821	3821046	10045	3
821	3821047	10046	3
821	3821048	10047	3
821	3821049	10048	3
821	3821050	10049	3
821	3821051	10050	3
821	3821052	10051	3
821	3821053	10052	3
821	3821054	10053	3
821	3821055	10054	3
821	3821056	10055	3
821	3821057	10056	3
821	3821058	10057	3
821	3821059	10058	3
821	3821060	10059	3
821	3821061	10060	3
821	3821062	10061	3
821	3821063	10062	3
821	3821064	10063	3
821	3821065	10064	3
821	3821066	10065	3
821	3821067	10066	3
821	3821068	10067	3
821	3821069	10068	3
821	3821070	10069	3
821	3821071	10070	3
821	3821072	10071	3
821	3821073	10072	3
821	3821074	10073	3
821	3821075	10074	3
821	3821076	10075	3
821	3821077	10076	3
821	3821078	10077	3
821	3821079	10078	3
821	3821080	10079	3
821	3821081	10080	3
821	3821082	10081	3
821	3821083	10082	3
821	3821084	10083	3
821	3821085	10084	3
821	3821086	10085	3
821	3821087	10086	3
821	3821088	10087	3
821	3821089	10088	3
821	3821090	10089	3
821	3821091	10090	3
821	3821092	10091	3
821	3821093	10092	3
821	3821094	10093	3
821	3821095	10094	3
821	3821096	10095	3
821	3821097	10096	3
821	3821098	10097	3
821	3821099	10098	3
821	3821100	10099	3
821	3821101	10100	3
821	3821102	10101	3
821	3821103	10102	3
821	3821104	10103	3
821	3821105	10104	3
821	3821106	10105	3
821	3821107	10106	3
821	3821108	10107	3
821	3821109	10108	3
821	3821110	10109	3
821	3821111	10110	3
821	3821112	10111	3
821	3821113	10112	3
821	3821114	10113	3
821	3821115	10114	3
821	3821116	10115	3
821	3821117	10116	3
821	3821118	10117	3
821	3821119	10118	3
821	3821120	10119	3
821	3821121	10120	3
821	3821122	10121	3
821	3821123	10122	3
821	3821124	10123	3
821	3821125	10124	3
821	3821126	10125	3
821	3821127	10126	3
821	3821128	10127	3
821	3821129	10128	3
821	3821130	10129	3
821	3821131	10130	3
821	3821132	10131	3
821	3821133	10132	3
821	3821134	10133	3
821	3821135	10134	3
821	3821136	10135	3
821	3821137	10136	3
821	3821138	10137	3
821	3821139	10138	3
821	3821140	10139	3
821	3821141	10140	3
821	3821142	10141	3
821	3821143	10142	3
821	3821144	10143	3
821	3821145	10144	3
821	3821146	10145	3
821	3821147	10146	3
821	3821148	10147	3
821	3821149	10148	3
821	3821150	10149	3
821	3821151	10150	3
821	3821152	10151	3
821	3821153	10152	3
821	3821154	10153	3
821	3821155	10154	3
821	3821156	10155	3
821	3821157	10156	3
821	3821158	10157	3
821	3821159	10158	3
821	3821160	10159	3
821	3821161	10160	3
821	3821162	10161	3
821	3821163	10162	3
821	3821164	10163	3
821	3821165	10164	3
821	3821166	10165	3
821	3821167	10166	3
821	3821168	10167	3
821	3821169	10168	3
821	3821170	10169	3
821	3821171	10170	3
821	3821172	10171	3
821	3821173	10172	3
821	3821174	10173	3
821	3821175	10174	3
821	3821176	10175	3
821	3821177	10176	3
821	3821178	10177	3
821	3821179	10178	3
821	3821180	10179	3
821	3821181	10180	3
821	3821182	10181	3
821	3821183	10182	3
821	3821184	10183	3
821	3821185	10184	3
821	3821186	10185	3
821	3821187	10186	3
821	3821188	10187	3
821	3821189	10188	3
821	3821190	10189	3
821	3821191	10190	3
821	3821192	10191	3
821	3821193	10192	3
821	3821194	10193	3
821	3821195	10194	3
821	3821196	10195	3
821	3821197	10196	3
821	3821198	10197	3
821	3821199	10198	3
821	3821200	10199	3
821	3821201	10200	3
821	3821202	10201	3
821	3821203	10202	3
821	3821204	10203	3
821	3821205	10204	3
821	3821206	10205	3
821	3821207	10206	3
821	3821208	10207	3
821	3821209	10208	3
821	3821210	10209	3
821	3821211	10210	3
821	3821212	10211	3
821	3821213	10212	3
821	3821214	10213	3
821	3821215	10214	3
821	3821216	10215	3
821	3821217	10216	3
821	3821218	10217	3
821	3821219	10218	3
821	3821220	10219	3
821	3821221	10220	3
821	3821222	10221	3
821	3821223	10222	3
821	3821224	10223	3
821	3821225	10224	3
821	3821226	10225	3
821	3821227	10226	3
821	3821228	10227	3
821	3821229	10228	3
821	3821230	10229	3
821	3821231	10230	3
821	3821232	10231	3
821	3821233	10232	3
821	3821234	10233	3
821	3821235	10234	3
821	3821236	10235	3
821	3821237	10236	3
821	3821238	10237	3
821	3821239	10238	3
821	3821240	10239	3
821	3821241	10240	3
821	3821242	10241	3
821	3821243	10242	3
821	3821244	10243	3
821	3821245	10244	3
821	3821246	10245	3
821	3821247	10246	3
821	3821248	10247	3
821	3821249	10248	3
821	3821250	10249	3
821	3821251	10250	3
821	3821252	10251	3
821	3821253	10252	3
821	3821254	10253	3
821	3821255	10254	3
821	3821256	10255	3
821	3821257	10256	3
821	3821258	10257	3
821	3821259	10258	3
821	3821260	10259	3
821	3821261	10260	3
821	3821262	10261	3
821	3821263	10262	3
821	3821264	10263	3
821	3821265	10264	3
821	3821266	10265	3
821	3821267	10266	3
821	3821268	10267	3
821	3821269	10268	3
821	3821270	10269	3
821	3821271	10270	3
821	3821272	10271	3
821	3821273	10272	3
821	3821274	10273	3
821	3821275	10274	3
821	3821276	10275	3
821	3821277	10276	3
821	3821278	10277	3
821	3821279	10278	3
821	3821280	10279	3
821	3821281	10280	3
821	3821282	10281	3
821	3821283	10282	3
821	3821284	10283	3
821	3821285	10284	3
821	3821286	10285	3
821	3821287	10286	3
821	3821288	10287	3
821	3821289	10288	3
821	3821290	10289	3
821	3821291	10290	3
821	3821292	10291	3
821	3821293	10292	3
821	3821294	10293	3
821	3821295	10294	3
821	3821296	10295	3
821	3821297	10296	3
821	3821298	10297	3
821	3821299	10298	3
821	3821300	10299	3
821	3821301	10300	3
821	3821302	10301	3
821	3821303	10302	3
821	3821304	10303	3
821	3821305	10304	3
821	3821306	10305	3
821	3821307	10306	3
821	3821308	10307	3
821	3821309	10308	3
821	3821310	10309	3
821	3821311	10310	3
821	3821312	10311	3
821	3821313	10312	3
821	3821314	10313	3
821	3821315	10314	3
821	3821316	10315	3
821	3821317	10316	3
821	3821318	10317	3
821	3821319	10318	3
821	3821320	10319	3
821	3821321	10320	3
821	3821322	10321	3
821	3821323	10322	3
821	3821324	10323	3
821	3821325	10324	3
821	3821326	10325	3
821	3821327	10326	3
821	3821328	10327	3
821	3821329	10328	3
821	3821330	10329	3
821	3821331	10330	3
821	3821332	10331	3
821	3821333	10332	3
821	3821334	10333	3
821	3821335	10334	3
821	3821336	10335	3
821	3821337	10336	3
821	3821338	10337	3
821	3821339	10338	3
821	3821340	10339	3
821	3821341	10340	3
821	3821342	10341	3
821	3821343	10342	3
821	3821344	10343	3
821	3821345	10344	3
821	3821346	10345	3
821	3821347	10346	3
821	3821348	10347	3
821	3821349	10348	3
821	3821350	10349	3
821	3821351	10350	3
821	3821352	10351	3
821	3821353	10352	3
821	3821354	10353	3
821	3821355	10354	3
821	3821356	10355	3
821	3821357	10356	3
821	3821358	10357	3
821	3821359	10358	3
821	3821360	10359	3
821	3821361	10360	3
821	3821362	10361	3
821	3821363	10362	3
821	3821364	10363	3
821	3821365	10364	3
821	3821366	10365	3
821	3821367	10366	3
821	3821368	10367	3
821	3821369	10368	3
821	1821001	3000	1
821	1821002	3001	1
821	1821003	3002	1
821	1821004	3003	1
821	1821005	3004	1
821	1821006	3005	1
821	1821007	3006	1
821	1821008	3007	1
821	1821009	3008	1
821	1821010	3009	1
821	1821011	3010	1
821	1821012	3011	1
821	1821013	3012	1
821	1821014	3013	1
821	1821015	3014	1
821	1821016	3015	1
821	2821001	5000	2
821	2821002	5001	2
821	2821003	5002	2
821	2821004	5003	2
821	2821005	5004	2
821	2821006	5005	2
821	2821007	5006	2
821	2821008	5007	2
821	2821009	5008	2
821	2821010	5009	2
821	2821011	5010	2
821	2821012	5011	2
821	2821013	5012	2
821	2821014	5013	2
821	2821015	5014	2
821	2821016	5015	2
821	2821017	5016	2
821	2821018	5017	2
821	2821019	5018	2
821	2821020	5019	2
821	2821021	5020	2
821	2821022	5021	2
821	2821023	5022	2
821	2821024	5023	2
821	2821025	5024	2
821	2821026	5025	2
821	2821027	5026	2
821	2821028	5027	2
821	2821029	5028	2
821	2821030	5029	2
821	2821031	5030	2
821	2821032	5031	2
821	2821033	5032	2
821	2821034	5033	2
821	2821035	5034	2
821	2821036	5035	2
821	2821037	5036	2
821	2821038	5037	2
821	2821039	5038	2
821	2821040	5039	2
821	2821041	5040	2
821	2821042	5041	2
821	2821043	5042	2
821	2821044	5043	2
821	2821045	5044	2
821	2821046	5045	2
821	2821047	5046	2
821	2821048	5047	2
821	2821049	5048	2
821	2821050	5049	2
821	2821051	5050	2
821	2821052	5051	2
821	2821053	5052	2
821	2821054	5053	2
821	2821055	5054	2
821	2821056	5055	2
821	2821057	5056	2
821	2821058	5057	2
821	2821059	5058	2
821	2821060	5059	2
821	2821061	5060	2
821	2821062	5061	2
821	2821063	5062	2
821	2821064	5063	2
821	2821065	5064	2
821	2821066	5065	2
821	2821067	5066	2
821	2821068	5067	2
821	2821069	5068	2
821	2821070	5069	2
821	2821071	5070	2
821	2821072	5071	2
821	2821073	5072	2
821	2821074	5073	2
821	2821075	5074	2
821	2821076	5075	2
821	2821077	5076	2
821	2821078	5077	2
821	2821079	5078	2
821	2821080	5079	2
821	2821081	5080	2
821	2821082	5081	2
821	2821083	5082	2
821	2821084	5083	2
821	2821085	5084	2
821	2821086	5085	2
821	2821087	5086	2
821	2821088	5087	2
821	2821089	5088	2
821	2821090	5089	2
821	2821091	5090	2
821	2821092	5091	2
821	2821093	5092	2
821	2821094	5093	2
821	2821095	5094	2
821	2821096	5095	2
821	2821097	5096	2
821	2821098	5097	2
821	2821099	5098	2
821	2821100	5099	2
821	2821101	5100	2
821	2821102	5101	2
821	2821103	5102	2
821	2821104	5103	2
821	2821105	5104	2
821	2821106	5105	2
821	2821107	5106	2
821	2821108	5107	2
821	2821109	5108	2
821	2821110	5109	2
821	2821111	5110	2
821	2821112	5111	2
821	2821113	5112	2
821	2821114	5113	2
821	2821115	5114	2
821	2821116	5115	2
821	2821117	5116	2
821	2821118	5117	2
821	2821119	5118	2
821	2821120	5119	2
821	2821121	5120	2
821	2821122	5121	2
821	2821123	5122	2
821	2821124	5123	2
821	2821125	5124	2
821	2821126	5125	2
821	2821127	5126	2
821	2821128	5127	2
821	2821129	5128	2
821	2821130	5129	2
821	2821131	5130	2
821	2821132	5131	2
821	2821133	5132	2
821	2821134	5133	2
821	2821135	5134	2
821	2821136	5135	2
821	2821137	5136	2
821	2821138	5137	2
821	2821139	5138	2
821	2821140	5139	2
821	2821141	5140	2
821	2821142	5141	2
821	2821143	5142	2
821	2821144	5143	2
821	2821145	5144	2
821	2821146	5145	2
821	2821147	5146	2
821	2821148	5147	2
821	2821149	5148	2
821	2821150	5149	2
821	2821151	5150	2
821	2821152	5151	2
821	2821153	5152	2
821	2821154	5153	2
821	2821155	5154	2
821	2821156	5155	2
821	2821157	5156	2
821	2821158	5157	2
821	2821159	5158	2
821	2821160	5159	2
821	2821161	5160	2
821	2821162	5161	2
821	2821163	5162	2
821	2821164	5163	2
821	2821165	5164	2
821	2821166	5165	2
821	2821167	5166	2
821	2821168	5167	2
821	2821169	5168	2
821	2821170	5169	2
821	2821171	5170	2
821	2821172	5171	2
821	2821173	5172	2
821	2821174	5173	2
821	2821175	5174	2
821	2821176	5175	2
821	2821177	5176	2
821	2821178	5177	2
821	2821179	5178	2
821	2821180	5179	2
821	2821181	5180	2
821	2821182	5181	2
821	2821183	5182	2
821	2821184	5183	2
821	2821185	5184	2
821	2821186	5185	2
821	2821187	5186	2
821	2821188	5187	2
821	2821189	5188	2
821	2821190	5189	2
821	2821191	5190	2
821	2821192	5191	2
821	2821193	5192	2
821	2821194	5193	2
821	2821195	5194	2
821	2821196	5195	2
821	2821197	5196	2
821	2821198	5197	2
821	2821199	5198	2
821	2821200	5199	2
821	2821201	5200	2
821	2821202	5201	2
821	2821203	5202	2
821	2821204	5203	2
821	2821205	5204	2
821	2821206	5205	2
821	2821207	5206	2
821	2821208	5207	2
821	2821209	5208	2
821	2821210	5209	2
821	2821211	5210	2
821	2821212	5211	2
821	2821213	5212	2
821	2821214	5213	2
821	2821215	5214	2
821	2821216	5215	2
821	2821217	5216	2
821	2821218	5217	2
821	2821219	5218	2
821	2821220	5219	2
821	2821221	5220	2
821	2821222	5221	2
821	2821223	5222	2
821	2821224	5223	2
821	2821225	5224	2
821	2821226	5225	2
821	2821227	5226	2
821	2821228	5227	2
821	2821229	5228	2
821	2821230	5229	2
821	2821231	5230	2
821	2821232	5231	2
821	2821233	5232	2
821	2821234	5233	2
821	2821235	5234	2
821	2821236	5235	2
821	2821237	5236	2
821	2821238	5237	2
821	2821239	5238	2
821	2821240	5239	2
821	2821241	5240	2
821	2821242	5241	2
821	2821243	5242	2
821	2821244	5243	2
821	2821245	5244	2
821	2821246	5245	2
821	2821247	5246	2
821	2821248	5247	2
821	2821249	5248	2
821	2821250	5249	2
821	2821251	5250	2
821	2821252	5251	2
821	2821253	5252	2
821	2821254	5253	2
821	2821255	5254	2
821	2821256	5255	2
821	2821257	5256	2
821	2821258	5257	2
821	2821259	5258	2
821	2821260	5259	2
821	2821261	5260	2
821	2821262	5261	2
821	2821263	5262	2
821	2821264	5263	2
821	2821265	5264	2
821	2821266	5265	2
821	2821267	5266	2
821	2821268	5267	2
821	2821269	5268	2
821	2821270	5269	2
821	2821271	5270	2
821	2821272	5271	2
821	2821273	5272	2
821	2821274	5273	2
821	2821275	5274	2
821	2821276	5275	2
821	2821277	5276	2
821	2821278	5277	2
821	2821279	5278	2
821	2821280	5279	2
821	2821281	5280	2
821	2821282	5281	2
821	2821283	5282	2
821	2821284	5283	2
821	2821285	5284	2
821	2821286	5285	2
821	2821287	5286	2
821	2821288	5287	2
821	2821289	5288	2
821	2821290	5289	2
821	2821291	5290	2
821	2821292	5291	2
821	2821293	5292	2
821	2821294	5293	2
821	2821295	5294	2
821	2821296	5295	2
821	2821297	5296	2
821	2821298	5297	2
821	2821299	5298	2
821	2821300	5299	2
821	2821301	5300	2
821	2821302	5301	2
821	2821303	5302	2
821	2821304	5303	2
821	2821305	5304	2
821	2821306	5305	2
821	2821307	5306	2
821	2821308	5307	2
821	2821309	5308	2
821	2821310	5309	2
821	2821311	5310	2
821	2821312	5311	2
821	2821313	5312	2
821	2821314	5313	2
821	2821315	5314	2
821	2821316	5315	2
821	2821317	5316	2
821	2821318	5317	2
821	2821319	5318	2
821	2821320	5319	2
821	2821321	5320	2
821	2821322	5321	2
821	2821323	5322	2
821	2821324	5323	2
821	2821325	5324	2
821	2821326	5325	2
821	2821327	5326	2
821	2821328	5327	2
821	2821329	5328	2
821	2821330	5329	2
821	2821331	5330	2
821	2821332	5331	2
821	2821333	5332	2
821	2821334	5333	2
821	2821335	5334	2
822	3822001	10001	3
822	3822002	10002	3
822	3822003	10003	3
822	3822004	10004	3
822	3822005	10005	3
822	3822006	10006	3
822	3822007	10007	3
822	3822008	10008	3
822	3822009	10009	3
822	3822010	10010	3
822	3822011	10011	3
822	3822012	10012	3
822	3822013	10013	3
822	3822014	10014	3
822	3822015	10015	3
822	3822016	10016	3
822	3822017	10017	3
822	3822018	10018	3
822	3822019	10019	3
822	3822020	10020	3
822	3822021	10021	3
822	3822022	10022	3
822	3822023	10023	3
822	3822024	10024	3
822	3822025	10025	3
822	3822026	10026	3
822	3822027	10027	3
822	3822028	10028	3
822	3822029	10029	3
822	3822030	10030	3
822	3822031	10031	3
822	3822032	10032	3
822	3822033	10033	3
822	3822034	10034	3
822	3822035	10035	3
822	3822036	10036	3
822	3822037	10037	3
822	3822038	10038	3
822	3822039	10039	3
822	3822040	10040	3
822	3822041	10041	3
822	3822042	10042	3
822	3822043	10043	3
822	3822044	10044	3
822	3822045	10045	3
822	3822046	10046	3
822	3822047	10047	3
822	3822048	10048	3
822	3822049	10049	3
822	3822050	10050	3
822	3822051	10051	3
822	3822052	10052	3
822	1822001	3001	1
822	1822002	3002	1
822	1822003	3003	1
822	1822004	3004	1
822	1822005	3005	1
822	1822006	3006	1
822	1822007	3007	1
822	1822008	3008	1
822	1822009	3009	1
822	1822010	3010	1
822	1822011	3011	1
822	1822012	3012	1
822	1822013	3013	1
822	1822014	3014	1
822	1822015	3015	1
822	1822016	3016	1
822	1822017	3017	1
822	1822018	3018	1
822	1822019	3019	1
822	1822020	3020	1
822	1822021	3021	1
822	1822022	3022	1
822	1822023	3023	1
822	1822024	3024	1
822	2822001	5001	2
822	2822002	5002	2
822	2822003	5003	2
822	2822004	5004	2
822	2822005	5005	2
822	2822006	5006	2
822	2822007	5007	2
822	2822008	5008	2
822	2822009	5009	2
822	2822010	5010	2
822	2822011	5011	2
822	2822012	5012	2
822	2822013	5013	2
822	2822014	5014	2
822	2822015	5015	2
822	2822016	5016	2
822	2822017	5017	2
822	2822018	5018	2
822	2822019	5019	2
822	2822020	5020	2
822	2822021	5021	2
822	2822022	5022	2
822	2822023	5023	2
822	2822024	5024	2
822	2822025	5025	2
822	2822026	5026	2
822	2822027	5027	2
822	2822028	5028	2
822	2822029	5029	2
822	2822030	5030	2
822	2822031	5031	2
822	2822032	5032	2
822	2822033	5033	2
822	2822034	5034	2
822	2822035	5035	2
822	2822036	5036	2
822	2822037	5037	2
822	2822038	5038	2
822	2822039	5039	2
822	2822040	5040	2
822	2822041	5041	2
823	3823001	10001	3
823	3823002	10002	3
823	3823003	10003	3
823	3823004	10004	3
823	3823005	10005	3
823	3823006	10006	3
823	3823007	10007	3
823	3823008	10008	3
823	3823009	10009	3
823	3823010	10010	3
823	3823011	10011	3
823	3823012	10012	3
823	3823013	10013	3
823	3823014	10014	3
823	3823015	10015	3
823	3823016	10016	3
823	3823017	10017	3
823	3823018	10018	3
823	3823019	10019	3
823	3823020	10020	3
823	3823021	10021	3
823	3823022	10022	3
823	3823023	10023	3
823	3823024	10024	3
823	3823025	10025	3
823	3823026	10026	3
823	3823027	10027	3
823	3823028	10028	3
823	3823029	10029	3
823	3823030	10030	3
823	3823031	10031	3
823	3823032	10032	3
823	3823033	10033	3
823	3823034	10034	3
823	3823035	10035	3
823	3823036	10036	3
823	3823037	10037	3
823	3823038	10038	3
823	3823039	10039	3
823	3823040	10040	3
823	3823041	10041	3
823	3823042	10042	3
823	3823043	10043	3
823	3823044	10044	3
823	3823045	10045	3
823	3823046	10046	3
823	3823047	10047	3
823	3823048	10048	3
823	3823049	10049	3
823	3823050	10050	3
823	3823051	10051	3
823	3823052	10052	3
823	1823001	3001	1
823	1823002	3002	1
823	1823003	3003	1
823	1823004	3004	1
823	1823005	3005	1
823	1823006	3006	1
823	1823007	3007	1
823	1823008	3008	1
823	1823009	3009	1
823	1823010	3010	1
823	1823011	3011	1
823	1823012	3012	1
823	1823013	3013	1
823	1823014	3014	1
823	1823015	3015	1
823	1823016	3016	1
823	1823017	3017	1
823	1823018	3018	1
823	1823019	3019	1
823	1823020	3020	1
823	1823021	3021	1
823	1823022	3022	1
823	1823023	3023	1
823	1823024	3024	1
823	2823001	5001	2
823	2823002	5002	2
823	2823003	5003	2
823	2823004	5004	2
823	2823005	5005	2
823	2823006	5006	2
823	2823007	5007	2
823	2823008	5008	2
823	2823009	5009	2
823	2823010	5010	2
823	2823011	5011	2
823	2823012	5012	2
823	2823013	5013	2
823	2823014	5014	2
823	2823015	5015	2
823	2823016	5016	2
823	2823017	5017	2
823	2823018	5018	2
823	2823019	5019	2
823	2823020	5020	2
823	2823021	5021	2
823	2823022	5022	2
823	2823023	5023	2
823	2823024	5024	2
823	2823025	5025	2
823	2823026	5026	2
823	2823027	5027	2
823	2823028	5028	2
823	2823029	5029	2
823	2823030	5030	2
823	2823031	5031	2
823	2823032	5032	2
823	2823033	5033	2
823	2823034	5034	2
823	2823035	5035	2
823	2823036	5036	2
823	2823037	5037	2
823	2823038	5038	2
823	2823039	5039	2
823	2823040	5040	2
823	2823041	5041	2
824	3824001	10001	3
824	3824002	10002	3
824	3824003	10003	3
824	3824004	10004	3
824	3824005	10005	3
824	3824006	10006	3
824	3824007	10007	3
824	3824008	10008	3
824	3824009	10009	3
824	3824010	10010	3
824	3824011	10011	3
824	3824012	10012	3
824	3824013	10013	3
824	3824014	10014	3
824	3824015	10015	3
824	3824016	10016	3
824	3824017	10017	3
824	3824018	10018	3
824	3824019	10019	3
824	3824020	10020	3
824	3824021	10021	3
824	3824022	10022	3
824	3824023	10023	3
824	3824024	10024	3
824	3824025	10025	3
824	3824026	10026	3
824	3824027	10027	3
824	3824028	10028	3
824	3824029	10029	3
824	3824030	10030	3
824	3824031	10031	3
824	3824032	10032	3
824	3824033	10033	3
824	3824034	10034	3
824	3824035	10035	3
824	3824036	10036	3
824	3824037	10037	3
824	3824038	10038	3
824	3824039	10039	3
824	3824040	10040	3
824	3824041	10041	3
824	3824042	10042	3
824	3824043	10043	3
824	3824044	10044	3
824	3824045	10045	3
824	3824046	10046	3
824	3824047	10047	3
824	3824048	10048	3
824	3824049	10049	3
824	3824050	10050	3
824	3824051	10051	3
824	3824052	10052	3
824	3824053	10053	3
824	3824054	10054	3
824	3824055	10055	3
824	3824056	10056	3
824	3824057	10057	3
824	3824058	10058	3
824	3824059	10059	3
824	3824060	10060	3
824	3824061	10061	3
824	3824062	10062	3
824	3824063	10063	3
824	3824064	10064	3
824	3824065	10065	3
824	3824066	10066	3
824	3824067	10067	3
824	3824068	10068	3
824	3824069	10069	3
824	3824070	10070	3
824	3824071	10071	3
824	3824072	10072	3
824	3824073	10073	3
824	3824074	10074	3
824	3824075	10075	3
824	3824076	10076	3
824	3824077	10077	3
824	3824078	10078	3
824	3824079	10079	3
824	3824080	10080	3
824	3824081	10081	3
824	3824082	10082	3
824	3824083	10083	3
824	3824084	10084	3
824	3824085	10085	3
824	3824086	10086	3
824	3824087	10087	3
824	3824088	10088	3
824	3824089	10089	3
824	3824090	10090	3
824	3824091	10091	3
824	3824092	10092	3
824	3824093	10093	3
824	3824094	10094	3
824	3824095	10095	3
824	3824096	10096	3
824	3824097	10097	3
824	3824098	10098	3
824	3824099	10099	3
824	3824100	10100	3
824	3824101	10101	3
824	3824102	10102	3
824	3824103	10103	3
824	3824104	10104	3
824	3824105	10105	3
824	3824106	10106	3
824	3824107	10107	3
824	3824108	10108	3
824	3824109	10109	3
824	3824110	10110	3
824	3824111	10111	3
824	3824112	10112	3
824	3824113	10113	3
824	3824114	10114	3
824	3824115	10115	3
824	3824116	10116	3
824	3824117	10117	3
824	3824118	10118	3
824	3824119	10119	3
824	3824120	10120	3
824	3824121	10121	3
824	3824122	10122	3
824	3824123	10123	3
824	3824124	10124	3
824	3824125	10125	3
824	3824126	10126	3
824	3824127	10127	3
824	3824128	10128	3
824	3824129	10129	3
824	3824130	10130	3
824	3824131	10131	3
824	3824132	10132	3
824	3824133	10133	3
824	3824134	10134	3
824	3824135	10135	3
824	3824136	10136	3
824	3824137	10137	3
824	3824138	10138	3
824	3824139	10139	3
824	3824140	10140	3
824	3824141	10141	3
824	3824142	10142	3
824	3824143	10143	3
824	3824144	10144	3
824	3824145	10145	3
824	3824146	10146	3
824	3824147	10147	3
824	3824148	10148	3
824	3824149	10149	3
824	3824150	10150	3
824	3824151	10151	3
824	3824152	10152	3
824	3824153	10153	3
824	3824154	10154	3
824	3824155	10155	3
824	3824156	10156	3
824	3824157	10157	3
824	3824158	10158	3
824	3824159	10159	3
824	3824160	10160	3
824	3824161	10161	3
824	3824162	10162	3
824	3824163	10163	3
824	3824164	10164	3
824	3824165	10165	3
824	3824166	10166	3
824	3824167	10167	3
824	3824168	10168	3
824	3824169	10169	3
824	3824170	10170	3
824	3824171	10171	3
824	3824172	10172	3
824	3824173	10173	3
824	3824174	10174	3
824	3824175	10175	3
824	3824176	10176	3
824	3824177	10177	3
824	3824178	10178	3
824	3824179	10179	3
824	3824180	10180	3
824	3824181	10181	3
824	3824182	10182	3
824	3824183	10183	3
824	3824184	10184	3
824	3824185	10185	3
824	3824186	10186	3
824	3824187	10187	3
824	3824188	10188	3
824	3824189	10189	3
824	3824190	10190	3
824	3824191	10191	3
824	3824192	10192	3
824	3824193	10193	3
824	3824194	10194	3
824	3824195	10195	3
824	3824196	10196	3
824	3824197	10197	3
824	3824198	10198	3
824	3824199	10199	3
824	3824200	10200	3
824	3824201	10201	3
824	3824202	10202	3
824	3824203	10203	3
824	3824204	10204	3
824	3824205	10205	3
824	3824206	10206	3
824	3824207	10207	3
824	3824208	10208	3
824	3824209	10209	3
824	3824210	10210	3
824	3824211	10211	3
824	3824212	10212	3
824	3824213	10213	3
824	3824214	10214	3
824	3824215	10215	3
824	3824216	10216	3
824	3824217	10217	3
824	3824218	10218	3
824	3824219	10219	3
824	3824220	10220	3
824	3824221	10221	3
824	3824222	10222	3
824	3824223	10223	3
824	3824224	10224	3
824	3824225	10225	3
824	3824226	10226	3
824	3824227	10227	3
824	3824228	10228	3
824	3824229	10229	3
824	3824230	10230	3
824	3824231	10231	3
824	3824232	10232	3
824	3824233	10233	3
824	3824234	10234	3
824	3824235	10235	3
824	3824236	10236	3
824	3824237	10237	3
824	3824238	10238	3
824	3824239	10239	3
824	3824240	10240	3
824	3824241	10241	3
824	3824242	10242	3
824	3824243	10243	3
824	3824244	10244	3
824	3824245	10245	3
824	3824246	10246	3
824	3824247	10247	3
824	3824248	10248	3
824	3824249	10249	3
824	3824250	10250	3
824	1824001	3000	1
824	1824002	3001	1
824	1824003	3002	1
824	1824004	3003	1
824	1824005	3004	1
824	1824006	3005	1
824	1824007	3006	1
824	1824008	3007	1
824	1824009	3008	1
824	1824010	3009	1
824	1824011	3010	1
824	2824001	5000	2
824	2824002	5001	2
824	2824003	5002	2
824	2824004	5003	2
824	2824005	5004	2
824	2824006	5005	2
824	2824007	5006	2
824	2824008	5007	2
824	2824009	5008	2
824	2824010	5009	2
824	2824011	5010	2
824	2824012	5011	2
824	2824013	5012	2
824	2824014	5013	2
824	2824015	5014	2
824	2824016	5015	2
824	2824017	5016	2
824	2824018	5017	2
824	2824019	5018	2
824	2824020	5019	2
824	2824021	5020	2
824	2824022	5021	2
824	2824023	5022	2
824	2824024	5023	2
824	2824025	5024	2
824	2824026	5025	2
824	2824027	5026	2
824	2824028	5027	2
824	2824029	5028	2
824	2824030	5029	2
824	2824031	5030	2
824	2824032	5031	2
824	2824033	5032	2
824	2824034	5033	2
824	2824035	5034	2
824	2824036	5035	2
824	2824037	5036	2
824	2824038	5037	2
824	2824039	5038	2
824	2824040	5039	2
824	2824041	5040	2
824	2824042	5041	2
824	2824043	5042	2
824	2824044	5043	2
824	2824045	5044	2
824	2824046	5045	2
824	2824047	5046	2
824	2824048	5047	2
824	2824049	5048	2
824	2824050	5049	2
824	2824051	5050	2
824	2824052	5051	2
824	2824053	5052	2
824	2824054	5053	2
824	2824055	5054	2
824	2824056	5055	2
824	2824057	5056	2
824	2824058	5057	2
824	2824059	5058	2
824	2824060	5059	2
824	2824061	5060	2
824	2824062	5061	2
824	2824063	5062	2
824	2824064	5063	2
824	2824065	5064	2
824	2824066	5065	2
824	2824067	5066	2
824	2824068	5067	2
824	2824069	5068	2
824	2824070	5069	2
824	2824071	5070	2
824	2824072	5071	2
824	2824073	5072	2
824	2824074	5073	2
824	2824075	5074	2
824	2824076	5075	2
824	2824077	5076	2
824	2824078	5077	2
824	2824079	5078	2
824	2824080	5079	2
824	2824081	5080	2
824	2824082	5081	2
824	2824083	5082	2
824	2824084	5083	2
824	2824085	5084	2
824	2824086	5085	2
824	2824087	5086	2
824	2824088	5087	2
824	2824089	5088	2
824	2824090	5089	2
824	2824091	5090	2
824	2824092	5091	2
824	2824093	5092	2
824	2824094	5093	2
824	2824095	5094	2
824	2824096	5095	2
824	2824097	5096	2
824	2824098	5097	2
824	2824099	5098	2
824	2824100	5099	2
824	2824101	5100	2
824	2824102	5101	2
824	2824103	5102	2
824	2824104	5103	2
824	2824105	5104	2
824	2824106	5105	2
825	3825001	10001	3
825	3825002	10002	3
825	3825003	10003	3
825	3825004	10004	3
825	3825005	10005	3
825	3825006	10006	3
825	3825007	10007	3
825	3825008	10008	3
825	3825009	10009	3
825	3825010	10010	3
825	3825011	10011	3
825	3825012	10012	3
825	3825013	10013	3
825	3825014	10014	3
825	3825015	10015	3
825	3825016	10016	3
825	3825017	10017	3
825	3825018	10018	3
825	3825019	10019	3
825	3825020	10020	3
825	3825021	10021	3
825	3825022	10022	3
825	3825023	10023	3
825	3825024	10024	3
825	3825025	10025	3
825	3825026	10026	3
825	3825027	10027	3
825	3825028	10028	3
825	3825029	10029	3
825	3825030	10030	3
825	3825031	10031	3
825	3825032	10032	3
825	3825033	10033	3
825	3825034	10034	3
825	3825035	10035	3
825	3825036	10036	3
825	3825037	10037	3
825	3825038	10038	3
825	3825039	10039	3
825	3825040	10040	3
825	3825041	10041	3
825	3825042	10042	3
825	3825043	10043	3
825	3825044	10044	3
825	3825045	10045	3
825	3825046	10046	3
825	3825047	10047	3
825	3825048	10048	3
825	3825049	10049	3
825	3825050	10050	3
825	3825051	10051	3
825	3825052	10052	3
825	3825053	10053	3
825	3825054	10054	3
825	3825055	10055	3
825	3825056	10056	3
825	3825057	10057	3
825	3825058	10058	3
825	3825059	10059	3
825	3825060	10060	3
825	3825061	10061	3
825	3825062	10062	3
825	3825063	10063	3
825	3825064	10064	3
825	3825065	10065	3
825	3825066	10066	3
825	3825067	10067	3
825	3825068	10068	3
825	3825069	10069	3
825	3825070	10070	3
825	3825071	10071	3
825	3825072	10072	3
825	3825073	10073	3
825	3825074	10074	3
825	3825075	10075	3
825	3825076	10076	3
825	3825077	10077	3
825	3825078	10078	3
825	3825079	10079	3
825	3825080	10080	3
825	3825081	10081	3
825	3825082	10082	3
825	3825083	10083	3
825	3825084	10084	3
825	3825085	10085	3
825	3825086	10086	3
825	3825087	10087	3
825	3825088	10088	3
825	3825089	10089	3
825	3825090	10090	3
825	3825091	10091	3
825	3825092	10092	3
825	3825093	10093	3
825	3825094	10094	3
825	3825095	10095	3
825	3825096	10096	3
825	3825097	10097	3
825	3825098	10098	3
825	3825099	10099	3
825	3825100	10100	3
825	3825101	10101	3
825	3825102	10102	3
825	3825103	10103	3
825	3825104	10104	3
825	3825105	10105	3
825	3825106	10106	3
825	3825107	10107	3
825	3825108	10108	3
825	3825109	10109	3
825	3825110	10110	3
825	3825111	10111	3
825	3825112	10112	3
825	3825113	10113	3
825	3825114	10114	3
825	3825115	10115	3
825	3825116	10116	3
825	3825117	10117	3
825	3825118	10118	3
825	3825119	10119	3
825	3825120	10120	3
825	3825121	10121	3
825	3825122	10122	3
825	3825123	10123	3
825	3825124	10124	3
825	3825125	10125	3
825	3825126	10126	3
825	3825127	10127	3
825	3825128	10128	3
825	3825129	10129	3
825	3825130	10130	3
825	3825131	10131	3
825	3825132	10132	3
825	3825133	10133	3
825	3825134	10134	3
825	3825135	10135	3
825	3825136	10136	3
825	3825137	10137	3
825	3825138	10138	3
825	3825139	10139	3
825	3825140	10140	3
825	3825141	10141	3
825	3825142	10142	3
825	3825143	10143	3
825	3825144	10144	3
825	3825145	10145	3
825	3825146	10146	3
825	3825147	10147	3
825	3825148	10148	3
825	3825149	10149	3
825	3825150	10150	3
825	3825151	10151	3
825	3825152	10152	3
825	3825153	10153	3
825	3825154	10154	3
825	3825155	10155	3
825	3825156	10156	3
825	3825157	10157	3
825	3825158	10158	3
825	3825159	10159	3
825	3825160	10160	3
825	3825161	10161	3
825	3825162	10162	3
825	3825163	10163	3
825	3825164	10164	3
825	3825165	10165	3
825	3825166	10166	3
825	3825167	10167	3
825	3825168	10168	3
825	1825001	3001	1
825	1825002	3002	1
825	1825003	3003	1
825	1825004	3004	1
825	2825001	5001	2
825	2825002	5002	2
825	2825003	5003	2
825	2825004	5004	2
825	2825005	5005	2
825	2825006	5006	2
825	2825007	5007	2
825	2825008	5008	2
825	2825009	5009	2
825	2825010	5010	2
825	2825011	5011	2
825	2825012	5012	2
825	2825013	5013	2
825	2825014	5014	2
825	2825015	5015	2
825	2825016	5016	2
825	2825017	5017	2
825	2825018	5018	2
825	2825019	5019	2
825	2825020	5020	2
825	2825021	5021	2
825	2825022	5022	2
825	2825023	5023	2
825	2825024	5024	2
825	2825025	5025	2
825	2825026	5026	2
825	2825027	5027	2
825	2825028	5028	2
825	2825029	5029	2
825	2825030	5030	2
825	2825031	5031	2
825	2825032	5032	2
825	2825033	5033	2
825	2825034	5034	2
825	2825035	5035	2
825	2825036	5036	2
825	2825037	5037	2
825	2825038	5038	2
825	2825039	5039	2
825	2825040	5040	2
825	2825041	5041	2
825	2825042	5042	2
825	2825043	5043	2
825	2825044	5044	2
825	2825045	5045	2
825	2825046	5046	2
825	2825047	5047	2
825	2825048	5048	2
825	2825049	5049	2
825	2825050	5050	2
825	2825051	5051	2
825	2825052	5052	2
825	2825053	5053	2
825	2825054	5054	2
825	2825055	5055	2
825	2825056	5056	2
825	2825057	5057	2
825	2825058	5058	2
825	2825059	5059	2
825	2825060	5060	2
825	2825061	5061	2
825	2825062	5062	2
825	2825063	5063	2
825	2825064	5064	2
825	2825065	5065	2
825	2825066	5066	2
825	2825067	5067	2
825	2825068	5068	2
825	2825069	5069	2
825	2825070	5070	2
825	2825071	5071	2
825	2825072	5072	2
825	2825073	5073	2
825	2825074	5074	2
826	3826001	10001	3
826	3826002	10002	3
826	3826003	10003	3
826	3826004	10004	3
826	3826005	10005	3
826	3826006	10006	3
826	3826007	10007	3
826	3826008	10008	3
826	3826009	10009	3
826	3826010	10010	3
826	3826011	10011	3
826	3826012	10012	3
826	3826013	10013	3
826	3826014	10014	3
826	3826015	10015	3
826	3826016	10016	3
826	3826017	10017	3
826	3826018	10018	3
826	3826019	10019	3
826	3826020	10020	3
826	3826021	10021	3
826	3826022	10022	3
826	3826023	10023	3
826	3826024	10024	3
826	3826025	10025	3
826	3826026	10026	3
826	3826027	10027	3
826	3826028	10028	3
826	3826029	10029	3
826	3826030	10030	3
826	3826031	10031	3
826	3826032	10032	3
826	3826033	10033	3
826	3826034	10034	3
826	3826035	10035	3
826	3826036	10036	3
826	3826037	10037	3
826	3826038	10038	3
826	3826039	10039	3
826	3826040	10040	3
826	3826041	10041	3
826	3826042	10042	3
826	3826043	10043	3
826	3826044	10044	3
826	3826045	10045	3
826	3826046	10046	3
826	3826047	10047	3
826	3826048	10048	3
826	3826049	10049	3
826	3826050	10050	3
826	3826051	10051	3
826	3826052	10052	3
826	3826053	10053	3
826	3826054	10054	3
826	3826055	10055	3
826	3826056	10056	3
826	3826057	10057	3
826	3826058	10058	3
826	3826059	10059	3
826	3826060	10060	3
826	3826061	10061	3
826	3826062	10062	3
826	3826063	10063	3
826	3826064	10064	3
826	3826065	10065	3
826	3826066	10066	3
826	3826067	10067	3
826	3826068	10068	3
826	3826069	10069	3
826	3826070	10070	3
826	3826071	10071	3
826	3826072	10072	3
826	3826073	10073	3
826	3826074	10074	3
826	3826075	10075	3
826	3826076	10076	3
826	3826077	10077	3
826	3826078	10078	3
826	3826079	10079	3
826	3826080	10080	3
826	3826081	10081	3
826	1826001	3000	1
826	1826002	3001	1
826	1826003	3002	1
826	1826004	3003	1
826	1826005	3004	1
826	1826006	3005	1
826	1826007	3006	1
826	1826008	3007	1
826	1826009	3008	1
826	2826001	5000	2
826	2826002	5001	2
826	2826003	5002	2
826	2826004	5003	2
826	2826005	5004	2
826	2826006	5005	2
826	2826007	5006	2
826	2826008	5007	2
826	2826009	5008	2
826	2826010	5009	2
826	2826011	5010	2
826	2826012	5011	2
826	2826013	5012	2
826	2826014	5013	2
826	2826015	5014	2
826	2826016	5015	2
826	2826017	5016	2
826	2826018	5017	2
826	2826019	5018	2
826	2826020	5019	2
826	2826021	5020	2
826	2826022	5021	2
826	2826023	5022	2
826	2826024	5023	2
826	2826025	5024	2
826	2826026	5025	2
826	2826027	5026	2
826	2826028	5027	2
826	2826029	5028	2
826	2826030	5029	2
826	2826031	5030	2
826	2826032	5031	2
826	2826033	5032	2
826	2826034	5033	2
827	3827001	n	3
827	3827002	n	3
827	3827003	n	3
827	3827004	n	3
827	3827005	n	3
827	3827006	n	3
827	3827007	n	3
827	3827008	n	3
827	3827009	n	3
827	3827010	n	3
827	3827011	n	3
827	3827012	n	3
827	3827013	n	3
827	3827014	n	3
827	3827015	n	3
827	3827016	n	3
827	3827017	n	3
827	3827018	n	3
827	3827019	n	3
827	3827020	n	3
827	3827021	n	3
827	3827022	n	3
827	3827023	n	3
827	3827024	n	3
827	3827025	n	3
827	3827026	n	3
827	3827027	n	3
827	3827028	n	3
827	3827029	n	3
827	3827030	n	3
827	3827031	n	3
827	3827032	n	3
827	3827033	n	3
827	3827034	n	3
827	3827035	n	3
827	3827036	n	3
827	3827037	n	3
827	3827038	n	3
827	3827039	n	3
827	3827040	n	3
827	3827041	n	3
827	3827042	n	3
827	3827043	n	3
827	3827044	n	3
827	3827045	n	3
827	3827046	n	3
827	3827047	n	3
827	3827048	n	3
827	3827049	n	3
827	3827050	n	3
827	3827051	n	3
827	3827052	n	3
827	3827053	n	3
827	3827054	n	3
827	3827055	n	3
827	3827056	n	3
827	3827057	n	3
827	3827058	n	3
827	3827059	n	3
827	3827060	n	3
827	3827061	n	3
827	3827062	n	3
827	3827063	n	3
827	3827064	n	3
827	3827065	n	3
827	3827066	n	3
827	3827067	n	3
827	3827068	n	3
827	3827069	n	3
827	3827070	n	3
827	3827071	n	3
827	3827072	n	3
827	3827073	n	3
827	3827074	n	3
827	3827075	n	3
827	3827076	n	3
827	3827077	n	3
827	3827078	n	3
827	3827079	n	3
827	3827080	n	3
827	3827081	n	3
827	3827082	n	3
827	3827083	n	3
827	3827084	n	3
827	3827085	n	3
827	3827086	n	3
827	3827087	n	3
827	3827088	n	3
827	3827089	n	3
827	3827090	n	3
827	3827091	n	3
827	3827092	n	3
827	3827093	n	3
827	3827094	n	3
827	3827095	n	3
827	3827096	n	3
827	3827097	n	3
827	3827098	n	3
827	3827099	n	3
827	3827100	n	3
827	3827101	n	3
827	3827102	n	3
827	3827103	n	3
827	3827104	n	3
827	3827105	n	3
827	3827106	n	3
827	3827107	n	3
827	3827108	n	3
827	3827109	n	3
827	3827110	n	3
827	3827111	n	3
827	3827112	n	3
827	3827113	n	3
827	1827001	n	1
827	1827002	n	1
827	1827003	n	1
827	1827004	n	1
827	1827005	n	1
827	1827006	n	1
827	1827007	n	1
827	1827008	n	1
827	1827009	n	1
827	1827010	n	1
827	1827011	n	1
827	1827012	n	1
827	1827013	n	1
827	1827014	n	1
827	1827015	n	1
827	1827016	n	1
827	1827017	n	1
827	2827001	n	2
827	2827002	n	2
827	2827003	n	2
827	2827004	n	2
827	2827005	n	2
827	2827006	n	2
827	2827007	n	2
827	2827008	n	2
827	2827009	n	2
827	2827010	n	2
827	2827011	n	2
827	2827012	n	2
827	2827013	n	2
827	2827014	n	2
827	2827015	n	2
827	2827016	n	2
827	2827017	n	2
827	2827018	n	2
827	2827019	n	2
827	2827020	n	2
827	2827021	n	2
827	2827022	n	2
827	2827023	n	2
827	2827024	n	2
827	2827025	n	2
827	2827026	n	2
827	2827027	n	2
827	2827028	n	2
827	2827029	n	2
827	2827030	n	2
827	2827031	n	2
827	2827032	n	2
827	2827033	n	2
827	2827034	n	2
827	2827035	n	2
827	2827036	n	2
827	2827037	n	2
827	2827038	n	2
827	2827039	n	2
827	2827040	n	2
827	2827041	n	2
827	2827042	n	2
827	2827043	n	2
827	2827044	n	2
827	2827045	n	2
827	2827046	n	2
827	2827047	n	2
828	3828001	10000	3
828	3828002	10001	3
828	3828003	10002	3
828	3828004	10003	3
828	3828005	10004	3
828	3828006	10005	3
828	3828007	10006	3
828	3828008	10007	3
828	3828009	10008	3
828	3828010	10009	3
828	3828011	10010	3
828	3828012	10011	3
828	3828013	10012	3
828	3828014	10013	3
828	3828015	10014	3
828	3828016	10015	3
828	3828017	10016	3
828	3828018	10017	3
828	3828019	10018	3
828	3828020	10019	3
828	3828021	10020	3
828	3828022	10021	3
828	3828023	10022	3
828	3828024	10023	3
828	3828025	10024	3
828	3828026	10025	3
828	3828027	10026	3
828	3828028	10027	3
828	3828029	10028	3
828	3828030	10029	3
828	3828031	10030	3
828	3828032	10031	3
828	3828033	10032	3
828	3828034	10033	3
828	3828035	10034	3
828	3828036	10035	3
828	3828037	10036	3
828	3828038	10037	3
828	3828039	10038	3
828	3828040	10039	3
828	3828041	10040	3
828	3828042	10041	3
828	3828043	10042	3
828	3828044	10043	3
828	3828045	10044	3
828	3828046	10045	3
828	3828047	10046	3
828	3828048	10047	3
828	3828049	10048	3
828	3828050	10049	3
828	3828051	10050	3
828	3828052	10051	3
828	3828053	10052	3
828	3828054	10053	3
828	3828055	10054	3
828	3828056	10055	3
828	3828057	10056	3
828	3828058	10057	3
828	3828059	10058	3
828	3828060	10059	3
828	3828061	10060	3
828	3828062	10061	3
828	3828063	10062	3
828	3828064	10063	3
828	3828065	10064	3
828	3828066	10065	3
828	3828067	10066	3
828	3828068	10067	3
828	3828069	10068	3
828	3828070	10069	3
828	3828071	10070	3
828	3828072	10071	3
828	3828073	10072	3
828	3828074	10073	3
828	3828075	10074	3
828	3828076	10075	3
828	3828077	10076	3
828	3828078	10077	3
828	3828079	10078	3
828	3828080	10079	3
828	3828081	10080	3
828	3828082	10081	3
828	3828083	10082	3
828	3828084	10083	3
828	3828085	10084	3
828	3828086	10085	3
828	3828087	10086	3
828	3828088	10087	3
828	3828089	10088	3
828	3828090	10089	3
828	3828091	10090	3
828	3828092	10091	3
828	3828093	10092	3
828	3828094	10093	3
828	3828095	10094	3
828	3828096	10095	3
828	3828097	10096	3
828	3828098	10097	3
828	3828099	10098	3
828	3828100	10099	3
828	3828101	10100	3
828	3828102	10101	3
828	3828103	10102	3
828	3828104	10103	3
828	3828105	10104	3
828	3828106	10105	3
828	3828107	10106	3
828	3828108	10107	3
828	3828109	10108	3
828	3828110	10109	3
828	3828111	10110	3
828	3828112	10111	3
828	3828113	10112	3
828	3828114	10113	3
828	3828115	10114	3
828	3828116	10115	3
828	3828117	10116	3
828	3828118	10117	3
828	3828119	10118	3
828	3828120	10119	3
828	3828121	10120	3
828	3828122	10121	3
828	3828123	10122	3
828	3828124	10123	3
828	3828125	10124	3
828	3828126	10125	3
828	3828127	10126	3
828	3828128	10127	3
828	3828129	10128	3
828	3828130	10129	3
828	3828131	10130	3
828	3828132	10131	3
828	3828133	10132	3
828	3828134	10133	3
828	3828135	10134	3
828	3828136	10135	3
828	3828137	10136	3
828	3828138	10137	3
828	3828139	10138	3
828	3828140	10139	3
828	3828141	10140	3
828	3828142	10141	3
828	3828143	10142	3
828	3828144	10143	3
828	3828145	10144	3
828	3828146	10145	3
828	3828147	10146	3
828	3828148	10147	3
828	3828149	10148	3
828	3828150	10149	3
828	3828151	10150	3
828	3828152	10151	3
828	3828153	10152	3
828	3828154	10153	3
828	3828155	10154	3
828	3828156	10155	3
828	3828157	10156	3
828	3828158	10157	3
828	3828159	10158	3
828	3828160	10159	3
828	3828161	10160	3
828	3828162	10161	3
828	3828163	10162	3
828	3828164	10163	3
828	3828165	10164	3
828	3828166	10165	3
828	3828167	10166	3
828	3828168	10167	3
828	3828169	10168	3
828	3828170	10169	3
828	3828171	10170	3
828	3828172	10171	3
828	3828173	10172	3
828	3828174	10173	3
828	3828175	10174	3
828	3828176	10175	3
828	3828177	10176	3
828	3828178	10177	3
828	3828179	10178	3
828	3828180	10179	3
828	3828181	10180	3
828	3828182	10181	3
828	3828183	10182	3
828	3828184	10183	3
828	3828185	10184	3
828	3828186	10185	3
828	3828187	10186	3
828	3828188	10187	3
828	3828189	10188	3
828	3828190	10189	3
828	3828191	10190	3
828	3828192	10191	3
828	3828193	10192	3
828	3828194	10193	3
828	3828195	10194	3
828	3828196	10195	3
828	3828197	10196	3
828	3828198	10197	3
828	3828199	10198	3
828	3828200	10199	3
828	3828201	10200	3
828	3828202	10201	3
828	3828203	10202	3
828	3828204	10203	3
828	3828205	10204	3
828	3828206	10205	3
828	3828207	10206	3
828	3828208	10207	3
828	3828209	10208	3
828	3828210	10209	3
828	3828211	10210	3
828	3828212	10211	3
828	3828213	10212	3
828	3828214	10213	3
828	3828215	10214	3
828	3828216	10215	3
828	3828217	10216	3
828	3828218	10217	3
828	3828219	10218	3
828	3828220	10219	3
828	3828221	10220	3
828	3828222	10221	3
828	3828223	10222	3
828	3828224	10223	3
828	3828225	10224	3
828	3828226	10225	3
828	3828227	10226	3
828	3828228	10227	3
828	3828229	10228	3
828	3828230	10229	3
828	3828231	10230	3
828	3828232	10231	3
828	3828233	10232	3
828	3828234	10233	3
828	3828235	10234	3
828	3828236	10235	3
828	3828237	10236	3
828	3828238	10237	3
828	3828239	10238	3
828	3828240	10239	3
828	3828241	10240	3
828	3828242	10241	3
828	3828243	10242	3
828	3828244	10243	3
828	3828245	10244	3
828	3828246	10245	3
828	3828247	10246	3
828	3828248	10247	3
828	3828249	10248	3
828	3828250	10249	3
828	3828251	10250	3
828	3828252	10251	3
828	3828253	10252	3
828	3828254	10253	3
828	3828255	10254	3
828	3828256	10255	3
828	3828257	10256	3
828	3828258	10257	3
828	3828259	10258	3
828	3828260	10259	3
828	3828261	10260	3
828	3828262	10261	3
828	3828263	10262	3
828	3828264	10263	3
828	3828265	10264	3
828	3828266	10265	3
828	3828267	10266	3
828	3828268	10267	3
828	3828269	10268	3
828	3828270	10269	3
828	3828271	10270	3
828	3828272	10271	3
828	3828273	10272	3
828	3828274	10273	3
828	3828275	10274	3
828	3828276	10275	3
828	3828277	10276	3
828	3828278	10277	3
828	3828279	10278	3
828	3828280	10279	3
828	3828281	10280	3
828	3828282	10281	3
828	3828283	10282	3
828	3828284	10283	3
828	3828285	10284	3
828	3828286	10285	3
828	3828287	10286	3
828	3828288	10287	3
828	3828289	10288	3
828	3828290	10289	3
828	3828291	10290	3
828	3828292	10291	3
828	3828293	10292	3
828	3828294	10293	3
828	3828295	10294	3
828	3828296	10295	3
828	3828297	10296	3
828	3828298	10297	3
828	3828299	10298	3
828	3828300	10299	3
828	3828301	10300	3
828	3828302	10301	3
828	3828303	10302	3
828	3828304	10303	3
828	3828305	10304	3
828	3828306	10305	3
828	3828307	10306	3
828	3828308	10307	3
828	3828309	10308	3
828	3828310	10309	3
828	3828311	10310	3
828	3828312	10311	3
828	3828313	10312	3
828	3828314	10313	3
828	3828315	10314	3
828	3828316	10315	3
828	3828317	10316	3
828	3828318	10317	3
828	3828319	10318	3
828	3828320	10319	3
828	3828321	10320	3
828	3828322	10321	3
828	3828323	10322	3
828	3828324	10323	3
828	3828325	10324	3
828	3828326	10325	3
828	3828327	10326	3
828	3828328	10327	3
828	3828329	10328	3
828	3828330	10329	3
828	3828331	10330	3
828	3828332	10331	3
828	3828333	10332	3
828	3828334	10333	3
828	3828335	10334	3
828	3828336	10335	3
828	3828337	10336	3
828	3828338	10337	3
828	3828339	10338	3
828	3828340	10339	3
828	3828341	10340	3
828	3828342	10341	3
828	3828343	10342	3
828	3828344	10343	3
828	3828345	10344	3
828	3828346	10345	3
828	3828347	10346	3
828	3828348	10347	3
828	3828349	10348	3
828	3828350	10349	3
828	3828351	10350	3
828	3828352	10351	3
828	3828353	10352	3
828	3828354	10353	3
828	3828355	10354	3
828	3828356	10355	3
828	3828357	10356	3
828	3828358	10357	3
828	3828359	10358	3
828	3828360	10359	3
828	3828361	10360	3
828	3828362	10361	3
828	3828363	10362	3
828	3828364	10363	3
828	3828365	10364	3
828	3828366	10365	3
828	3828367	10366	3
828	3828368	10367	3
828	3828369	10368	3
828	3828370	10369	3
828	3828371	10370	3
828	3828372	10371	3
828	3828373	10372	3
828	3828374	10373	3
828	3828375	10374	3
828	3828376	10375	3
828	3828377	10376	3
828	3828378	10377	3
828	3828379	10378	3
828	3828380	10379	3
828	3828381	10380	3
828	3828382	10381	3
828	3828383	10382	3
828	3828384	10383	3
828	3828385	10384	3
828	3828386	10385	3
828	3828387	10386	3
828	3828388	10387	3
828	3828389	10388	3
828	3828390	10389	3
828	3828391	10390	3
828	3828392	10391	3
828	3828393	10392	3
828	3828394	10393	3
828	3828395	10394	3
828	3828396	10395	3
828	3828397	10396	3
828	3828398	10397	3
828	3828399	10398	3
828	3828400	10399	3
828	3828401	10400	3
828	3828402	10401	3
828	3828403	10402	3
828	3828404	10403	3
828	3828405	10404	3
828	3828406	10405	3
828	3828407	10406	3
828	3828408	10407	3
828	3828409	10408	3
828	3828410	10409	3
828	3828411	10410	3
828	3828412	10411	3
828	3828413	10412	3
828	3828414	10413	3
828	3828415	10414	3
828	3828416	10415	3
828	3828417	10416	3
828	3828418	10417	3
828	3828419	10418	3
828	3828420	10419	3
828	3828421	10420	3
828	3828422	10421	3
828	3828423	10422	3
828	3828424	10423	3
828	3828425	10424	3
828	3828426	10425	3
828	3828427	10426	3
828	3828428	10427	3
828	3828429	10428	3
828	3828430	10429	3
828	3828431	10430	3
828	3828432	10431	3
828	3828433	10432	3
828	3828434	10433	3
828	3828435	10434	3
828	3828436	10435	3
828	3828437	10436	3
828	3828438	10437	3
828	3828439	10438	3
828	3828440	10439	3
828	3828441	10440	3
828	3828442	10441	3
828	3828443	10442	3
828	3828444	10443	3
828	3828445	10444	3
828	3828446	10445	3
828	3828447	10446	3
828	3828448	10447	3
828	3828449	10448	3
828	3828450	10449	3
828	3828451	10450	3
828	3828452	10451	3
828	3828453	10452	3
828	3828454	10453	3
828	3828455	10454	3
828	3828456	10455	3
828	3828457	10456	3
828	3828458	10457	3
828	3828459	10458	3
828	3828460	10459	3
828	3828461	10460	3
828	3828462	10461	3
828	3828463	10462	3
828	3828464	10463	3
828	3828465	10464	3
828	3828466	10465	3
828	3828467	10466	3
828	3828468	10467	3
828	3828469	10468	3
828	3828470	10469	3
828	3828471	10470	3
828	3828472	10471	3
828	3828473	10472	3
828	3828474	10473	3
828	3828475	10474	3
828	3828476	10475	3
828	3828477	10476	3
828	3828478	10477	3
828	3828479	10478	3
828	3828480	10479	3
828	3828481	10480	3
828	3828482	10481	3
828	3828483	10482	3
828	3828484	10483	3
828	3828485	10484	3
828	3828486	10485	3
828	3828487	10486	3
828	3828488	10487	3
828	3828489	10488	3
828	3828490	10489	3
828	3828491	10490	3
828	3828492	10491	3
828	3828493	10492	3
828	3828494	10493	3
828	3828495	10494	3
828	3828496	10495	3
828	3828497	10496	3
828	3828498	10497	3
828	3828499	10498	3
828	3828500	10499	3
828	3828501	10500	3
828	3828502	10501	3
828	3828503	10502	3
828	3828504	10503	3
828	3828505	10504	3
828	3828506	10505	3
828	3828507	10506	3
828	3828508	10507	3
828	3828509	10508	3
828	3828510	10509	3
828	1828001	3000	1
828	1828002	3001	1
828	1828003	3002	1
828	1828004	3003	1
828	1828005	3004	1
828	1828006	3005	1
828	1828007	3006	1
828	1828008	3007	1
828	1828009	3008	1
828	1828010	3009	1
828	1828011	3010	1
828	1828012	3011	1
828	1828013	3012	1
828	1828014	3013	1
828	1828015	3014	1
828	1828016	3015	1
828	1828017	3016	1
828	1828018	3017	1
828	1828019	3018	1
828	1828020	3019	1
828	1828021	3020	1
828	1828022	3021	1
828	1828023	3022	1
828	1828024	3023	1
828	1828025	3024	1
828	1828026	3025	1
828	1828027	3026	1
828	1828028	3027	1
828	1828029	3028	1
828	1828030	3029	1
828	1828031	3030	1
828	1828032	3031	1
828	1828033	3032	1
828	1828034	3033	1
828	1828035	3034	1
828	1828036	3035	1
828	1828037	3036	1
828	1828038	3037	1
828	1828039	3038	1
828	1828040	3039	1
828	1828041	3040	1
828	1828042	3041	1
828	1828043	3042	1
828	1828044	3043	1
828	1828045	3044	1
828	1828046	3045	1
828	1828047	3046	1
828	1828048	3047	1
828	1828049	3048	1
828	1828050	3049	1
828	1828051	3050	1
828	1828052	3051	1
828	1828053	3052	1
828	1828054	3053	1
828	1828055	3054	1
828	1828056	3055	1
828	1828057	3056	1
828	1828058	3057	1
828	1828059	3058	1
828	1828060	3059	1
828	1828061	3060	1
828	1828062	3061	1
828	1828063	3062	1
828	1828064	3063	1
828	1828065	3064	1
828	1828066	3065	1
828	1828067	3066	1
828	1828068	3067	1
828	1828069	3068	1
828	1828070	3069	1
828	1828071	3070	1
828	1828072	3071	1
828	1828073	3072	1
828	1828074	3073	1
828	1828075	3074	1
828	1828076	3075	1
828	1828077	3076	1
828	1828078	3077	1
828	1828079	3078	1
828	1828080	3079	1
828	1828081	3080	1
828	1828082	3081	1
828	1828083	3082	1
828	1828084	3083	1
828	1828085	3084	1
828	1828086	3085	1
828	1828087	3086	1
828	1828088	3087	1
828	1828089	3088	1
828	1828090	3089	1
828	1828091	3090	1
828	1828092	3091	1
828	1828093	3092	1
828	1828094	3093	1
828	1828095	3094	1
828	1828096	3095	1
828	1828097	3096	1
828	1828098	3097	1
828	1828099	3098	1
828	1828100	3099	1
828	1828101	3100	1
828	1828102	3101	1
828	1828103	3102	1
828	1828104	3103	1
828	1828105	3104	1
828	1828106	3105	1
828	1828107	3106	1
828	1828108	3107	1
828	1828109	3108	1
828	1828110	3109	1
828	1828111	3110	1
828	1828112	3111	1
828	1828113	3112	1
828	1828114	3113	1
828	1828115	3114	1
828	1828116	3115	1
828	1828117	3116	1
828	1828118	3117	1
828	1828119	3118	1
828	1828120	3119	1
828	1828121	3120	1
828	1828122	3121	1
828	1828123	3122	1
828	1828124	3123	1
828	1828125	3124	1
828	1828126	3125	1
828	1828127	3126	1
828	1828128	3127	1
828	1828129	3128	1
828	1828130	3129	1
828	1828131	3130	1
828	1828132	3131	1
828	1828133	3132	1
828	1828134	3133	1
828	1828135	3134	1
828	1828136	3135	1
828	1828137	3136	1
828	1828138	3137	1
828	1828139	3138	1
828	1828140	3139	1
828	1828141	3140	1
828	1828142	3141	1
828	1828143	3142	1
828	1828144	3143	1
828	1828145	3144	1
828	1828146	3145	1
828	1828147	3146	1
828	1828148	3147	1
828	1828149	3148	1
828	1828150	3149	1
828	1828151	3150	1
828	1828152	3151	1
828	1828153	3152	1
828	1828154	3153	1
828	1828155	3154	1
828	1828156	3155	1
828	1828157	3156	1
828	1828158	3157	1
828	1828159	3158	1
828	1828160	3159	1
828	1828161	3160	1
828	1828162	3161	1
828	1828163	3162	1
828	1828164	3163	1
828	1828165	3164	1
828	1828166	3165	1
828	1828167	3166	1
828	1828168	3167	1
828	1828169	3168	1
828	1828170	3169	1
828	1828171	3170	1
828	1828172	3171	1
828	1828173	3172	1
828	1828174	3173	1
828	1828175	3174	1
828	1828176	3175	1
828	1828177	3176	1
828	1828178	3177	1
828	1828179	3178	1
828	1828180	3179	1
828	1828181	3180	1
828	1828182	3181	1
828	1828183	3182	1
828	1828184	3183	1
828	1828185	3184	1
828	1828186	3185	1
828	1828187	3186	1
828	1828188	3187	1
828	1828189	3188	1
828	1828190	3189	1
828	1828191	3190	1
828	1828192	3191	1
828	1828193	3192	1
828	1828194	3193	1
828	1828195	3194	1
828	1828196	3195	1
828	1828197	3196	1
828	1828198	3197	1
828	1828199	3198	1
828	1828200	3199	1
828	1828201	3200	1
828	1828202	3201	1
828	1828203	3202	1
828	1828204	3203	1
828	1828205	3204	1
828	1828206	3205	1
828	1828207	3206	1
828	1828208	3207	1
828	1828209	3208	1
828	1828210	3209	1
828	1828211	3210	1
828	1828212	3211	1
828	1828213	3212	1
828	1828214	3213	1
828	1828215	3214	1
828	1828216	3215	1
828	1828217	3216	1
828	1828218	3217	1
828	1828219	3218	1
828	1828220	3219	1
828	1828221	3220	1
828	1828222	3221	1
828	1828223	3222	1
828	1828224	3223	1
828	1828225	3224	1
828	1828226	3225	1
828	1828227	3226	1
828	1828228	3227	1
828	1828229	3228	1
828	1828230	3229	1
828	1828231	3230	1
828	1828232	3231	1
828	1828233	3232	1
828	1828234	3233	1
828	1828235	3234	1
828	1828236	3235	1
828	1828237	3236	1
828	1828238	3237	1
828	1828239	3238	1
828	1828240	3239	1
828	1828241	3240	1
828	1828242	3241	1
828	1828243	3242	1
828	1828244	3243	1
828	1828245	3244	1
828	1828246	3245	1
828	1828247	3246	1
828	1828248	3247	1
828	1828249	3248	1
828	1828250	3249	1
828	1828251	3250	1
828	1828252	3251	1
828	1828253	3252	1
828	1828254	3253	1
828	1828255	3254	1
828	1828256	3255	1
828	1828257	3256	1
828	1828258	3257	1
828	1828259	3258	1
828	1828260	3259	1
828	1828261	3260	1
828	1828262	3261	1
828	1828263	3262	1
828	1828264	3263	1
828	1828265	3264	1
828	1828266	3265	1
828	1828267	3266	1
828	1828268	3267	1
828	1828269	3268	1
828	1828270	3269	1
828	1828271	3270	1
828	1828272	3271	1
828	1828273	3272	1
828	1828274	3273	1
828	1828275	3274	1
828	1828276	3275	1
828	1828277	3276	1
828	1828278	3277	1
828	1828279	3278	1
828	1828280	3279	1
828	1828281	3280	1
828	1828282	3281	1
828	1828283	3282	1
828	1828284	3283	1
828	1828285	3284	1
828	1828286	3285	1
828	1828287	3286	1
828	1828288	3287	1
828	1828289	3288	1
828	1828290	3289	1
828	1828291	3290	1
828	1828292	3291	1
828	1828293	3292	1
828	1828294	3293	1
828	1828295	3294	1
828	1828296	3295	1
828	1828297	3296	1
828	1828298	3297	1
828	1828299	3298	1
828	1828300	3299	1
828	1828301	3300	1
828	1828302	3301	1
828	1828303	3302	1
828	1828304	3303	1
828	1828305	3304	1
828	1828306	3305	1
828	1828307	3306	1
828	1828308	3307	1
828	1828309	3308	1
828	2828001	5000	2
828	2828002	5001	2
828	2828003	5002	2
828	2828004	5003	2
828	2828005	5004	2
828	2828006	5005	2
828	2828007	5006	2
828	2828008	5007	2
828	2828009	5008	2
828	2828010	5009	2
828	2828011	5010	2
828	2828012	5011	2
828	2828013	5012	2
828	2828014	5013	2
828	2828015	5014	2
828	2828016	5015	2
828	2828017	5016	2
828	2828018	5017	2
828	2828019	5018	2
828	2828020	5019	2
828	2828021	5020	2
828	2828022	5021	2
828	2828023	5022	2
828	2828024	5023	2
828	2828025	5024	2
828	2828026	5025	2
828	2828027	5026	2
828	2828028	5027	2
828	2828029	5028	2
828	2828030	5029	2
828	2828031	5030	2
828	2828032	5031	2
828	2828033	5032	2
828	2828034	5033	2
828	2828035	5034	2
828	2828036	5035	2
828	2828037	5036	2
828	2828038	5037	2
828	2828039	5038	2
828	2828040	5039	2
828	2828041	5040	2
828	2828042	5041	2
828	2828043	5042	2
828	2828044	5043	2
828	2828045	5044	2
828	2828046	5045	2
828	2828047	5046	2
828	2828048	5047	2
828	2828049	5048	2
828	2828050	5049	2
828	2828051	5050	2
828	2828052	5051	2
828	2828053	5052	2
828	2828054	5053	2
828	2828055	5054	2
828	2828056	5055	2
828	2828057	5056	2
828	2828058	5057	2
828	2828059	5058	2
828	2828060	5059	2
828	2828061	5060	2
828	2828062	5061	2
828	2828063	5062	2
828	2828064	5063	2
828	2828065	5064	2
828	2828066	5065	2
828	2828067	5066	2
828	2828068	5067	2
828	2828069	5068	2
828	2828070	5069	2
828	2828071	5070	2
828	2828072	5071	2
828	2828073	5072	2
828	2828074	5073	2
828	2828075	5074	2
828	2828076	5075	2
828	2828077	5076	2
828	2828078	5077	2
828	2828079	5078	2
828	2828080	5079	2
828	2828081	5080	2
828	2828082	5081	2
828	2828083	5082	2
828	2828084	5083	2
828	2828085	5084	2
828	2828086	5085	2
828	2828087	5086	2
828	2828088	5087	2
828	2828089	5088	2
828	2828090	5089	2
828	2828091	5090	2
828	2828092	5091	2
828	2828093	5092	2
828	2828094	5093	2
828	2828095	5094	2
828	2828096	5095	2
828	2828097	5096	2
828	2828098	5097	2
828	2828099	5098	2
828	2828100	5099	2
828	2828101	5100	2
828	2828102	5101	2
828	2828103	5102	2
828	2828104	5103	2
828	2828105	5104	2
828	2828106	5105	2
828	2828107	5106	2
828	2828108	5107	2
828	2828109	5108	2
828	2828110	5109	2
828	2828111	5110	2
828	2828112	5111	2
828	2828113	5112	2
828	2828114	5113	2
828	2828115	5114	2
828	2828116	5115	2
828	2828117	5116	2
828	2828118	5117	2
828	2828119	5118	2
828	2828120	5119	2
828	2828121	5120	2
828	2828122	5121	2
828	2828123	5122	2
828	2828124	5123	2
828	2828125	5124	2
828	2828126	5125	2
828	2828127	5126	2
828	2828128	5127	2
828	2828129	5128	2
828	2828130	5129	2
828	2828131	5130	2
828	2828132	5131	2
828	2828133	5132	2
828	2828134	5133	2
828	2828135	5134	2
828	2828136	5135	2
828	2828137	5136	2
828	2828138	5137	2
828	2828139	5138	2
828	2828140	5139	2
828	2828141	5140	2
828	2828142	5141	2
828	2828143	5142	2
828	2828144	5143	2
828	2828145	5144	2
828	2828146	5145	2
828	2828147	5146	2
828	2828148	5147	2
828	2828149	5148	2
828	2828150	5149	2
828	2828151	5150	2
828	2828152	5151	2
828	2828153	5152	2
828	2828154	5153	2
828	2828155	5154	2
828	2828156	5155	2
828	2828157	5156	2
828	2828158	5157	2
828	2828159	5158	2
828	2828160	5159	2
828	2828161	5160	2
828	2828162	5161	2
828	2828163	5162	2
828	2828164	5163	2
828	2828165	5164	2
828	2828166	5165	2
828	2828167	5166	2
828	2828168	5167	2
828	2828169	5168	2
828	2828170	5169	2
828	2828171	5170	2
828	2828172	5171	2
828	2828173	5172	2
828	2828174	5173	2
828	2828175	5174	2
828	2828176	5175	2
828	2828177	5176	2
828	2828178	5177	2
828	2828179	5178	2
828	2828180	5179	2
828	2828181	5180	2
828	2828182	5181	2
828	2828183	5182	2
828	2828184	5183	2
828	2828185	5184	2
828	2828186	5185	2
828	2828187	5186	2
828	2828188	5187	2
828	2828189	5188	2
828	2828190	5189	2
828	2828191	5190	2
828	2828192	5191	2
828	2828193	5192	2
828	2828194	5193	2
828	2828195	5194	2
828	2828196	5195	2
828	2828197	5196	2
828	2828198	5197	2
828	2828199	5198	2
828	2828200	5199	2
828	2828201	5200	2
828	2828202	5201	2
828	2828203	5202	2
828	2828204	5203	2
828	2828205	5204	2
828	2828206	5205	2
828	2828207	5206	2
828	2828208	5207	2
828	2828209	5208	2
828	2828210	5209	2
828	2828211	5210	2
828	2828212	5211	2
828	2828213	5212	2
828	2828214	5213	2
828	2828215	5214	2
828	2828216	5215	2
828	2828217	5216	2
828	2828218	5217	2
828	2828219	5218	2
828	2828220	5219	2
828	2828221	5220	2
828	2828222	5221	2
828	2828223	5222	2
828	2828224	5223	2
828	2828225	5224	2
828	2828226	5225	2
828	2828227	5226	2
828	2828228	5227	2
828	2828229	5228	2
828	2828230	5229	2
828	2828231	5230	2
828	2828232	5231	2
828	2828233	5232	2
828	2828234	5233	2
828	2828235	5234	2
828	2828236	5235	2
828	2828237	5236	2
828	2828238	5237	2
828	2828239	5238	2
828	2828240	5239	2
828	2828241	5240	2
828	2828242	5241	2
828	2828243	5242	2
828	2828244	5243	2
828	2828245	5244	2
828	2828246	5245	2
828	2828247	5246	2
828	2828248	5247	2
828	2828249	5248	2
828	2828250	5249	2
828	2828251	5250	2
828	2828252	5251	2
828	2828253	5252	2
828	2828254	5253	2
828	2828255	5254	2
828	2828256	5255	2
828	2828257	5256	2
828	2828258	5257	2
828	2828259	5258	2
828	2828260	5259	2
828	2828261	5260	2
828	2828262	5261	2
828	2828263	5262	2
828	2828264	5263	2
828	2828265	5264	2
828	2828266	5265	2
828	2828267	5266	2
828	2828268	5267	2
828	2828269	5268	2
828	2828270	5269	2
828	2828271	5270	2
828	2828272	5271	2
828	2828273	5272	2
828	2828274	5273	2
828	2828275	5274	2
828	2828276	5275	2
828	2828277	5276	2
828	2828278	5277	2
828	2828279	5278	2
828	2828280	5279	2
828	2828281	5280	2
828	2828282	5281	2
828	2828283	5282	2
828	2828284	5283	2
828	2828285	5284	2
828	2828286	5285	2
828	2828287	5286	2
828	2828288	5287	2
828	2828289	5288	2
828	2828290	5289	2
828	2828291	5290	2
828	2828292	5291	2
828	2828293	5292	2
828	2828294	5293	2
828	2828295	5294	2
828	2828296	5295	2
828	2828297	5296	2
828	2828298	5297	2
828	2828299	5298	2
828	2828300	5299	2
828	2828301	5300	2
828	2828302	5301	2
828	2828303	5302	2
828	2828304	5303	2
828	2828305	5304	2
828	2828306	5305	2
828	2828307	5306	2
828	2828308	5307	2
828	2828309	5308	2
828	2828310	5309	2
828	2828311	5310	2
828	2828312	5311	2
828	2828313	5312	2
828	2828314	5313	2
828	2828315	5314	2
828	2828316	5315	2
828	2828317	5316	2
828	2828318	5317	2
828	2828319	5318	2
828	2828320	5319	2
828	2828321	5320	2
828	2828322	5321	2
828	2828323	5322	2
828	2828324	5323	2
828	2828325	5324	2
828	2828326	5325	2
828	2828327	5326	2
828	2828328	5327	2
828	2828329	5328	2
828	2828330	5329	2
828	2828331	5330	2
828	2828332	5331	2
828	2828333	5332	2
828	2828334	5333	2
828	2828335	5334	2
828	2828336	5335	2
828	2828337	5336	2
828	2828338	5337	2
828	2828339	5338	2
828	2828340	5339	2
828	2828341	5340	2
828	2828342	5341	2
828	2828343	5342	2
828	2828344	5343	2
828	2828345	5344	2
828	2828346	5345	2
828	2828347	5346	2
828	2828348	5347	2
828	2828349	5348	2
828	2828350	5349	2
828	2828351	5350	2
828	2828352	5351	2
828	2828353	5352	2
828	2828354	5353	2
828	2828355	5354	2
828	2828356	5355	2
828	2828357	5356	2
828	2828358	5357	2
828	2828359	5358	2
828	2828360	5359	2
828	2828361	5360	2
828	2828362	5361	2
828	2828363	5362	2
828	2828364	5363	2
828	2828365	5364	2
828	2828366	5365	2
828	2828367	5366	2
828	2828368	5367	2
828	2828369	5368	2
828	2828370	5369	2
828	2828371	5370	2
828	2828372	5371	2
828	2828373	5372	2
828	2828374	5373	2
828	2828375	5374	2
828	2828376	5375	2
828	2828377	5376	2
828	2828378	5377	2
828	2828379	5378	2
828	2828380	5379	2
828	2828381	5380	2
828	2828382	5381	2
828	2828383	5382	2
828	2828384	5383	2
828	2828385	5384	2
828	2828386	5385	2
828	2828387	5386	2
828	2828388	5387	2
828	2828389	5388	2
828	2828390	5389	2
828	2828391	5390	2
828	2828392	5391	2
828	2828393	5392	2
828	2828394	5393	2
828	2828395	5394	2
828	2828396	5395	2
828	2828397	5396	2
828	2828398	5397	2
828	2828399	5398	2
828	2828400	5399	2
828	2828401	5400	2
828	2828402	5401	2
828	2828403	5402	2
828	2828404	5403	2
828	2828405	5404	2
828	2828406	5405	2
828	2828407	5406	2
828	2828408	5407	2
828	2828409	5408	2
828	2828410	5409	2
828	2828411	5410	2
828	2828412	5411	2
828	2828413	5412	2
828	2828414	5413	2
828	2828415	5414	2
828	2828416	5415	2
828	2828417	5416	2
828	2828418	5417	2
828	2828419	5418	2
828	2828420	5419	2
828	2828421	5420	2
828	2828422	5421	2
828	2828423	5422	2
828	2828424	5423	2
828	2828425	5424	2
828	2828426	5425	2
828	2828427	5426	2
828	2828428	5427	2
828	2828429	5428	2
828	2828430	5429	2
828	2828431	5430	2
828	2828432	5431	2
828	2828433	5432	2
828	2828434	5433	2
828	2828435	5434	2
828	2828436	5435	2
828	2828437	5436	2
828	2828438	5437	2
828	2828439	5438	2
828	2828440	5439	2
828	2828441	5440	2
828	2828442	5441	2
828	2828443	5442	2
828	2828444	5443	2
828	2828445	5444	2
828	2828446	5445	2
828	2828447	5446	2
828	2828448	5447	2
828	2828449	5448	2
828	2828450	5449	2
828	2828451	5450	2
828	2828452	5451	2
828	2828453	5452	2
828	2828454	5453	2
828	2828455	5454	2
828	2828456	5455	2
828	2828457	5456	2
828	2828458	5457	2
828	2828459	5458	2
828	2828460	5459	2
828	2828461	5460	2
828	2828462	5461	2
828	2828463	5462	2
828	2828464	5463	2
828	2828465	5464	2
828	2828466	5465	2
828	2828467	5466	2
828	2828468	5467	2
828	2828469	5468	2
828	2828470	5469	2
828	2828471	5470	2
828	2828472	5471	2
828	2828473	5472	2
828	2828474	5473	2
828	2828475	5474	2
828	2828476	5475	2
828	2828477	5476	2
828	2828478	5477	2
828	2828479	5478	2
\.


--
-- Name: point_table Point_Table2_pkey; Type: CONSTRAINT; Schema: public; Owner: postgres
--

ALTER TABLE ONLY public.point_table
    ADD CONSTRAINT "Point_Table2_pkey" PRIMARY KEY ("Point_id");


--
-- Name: Quality_Table Quality_Table2_pkey; Type: CONSTRAINT; Schema: public; Owner: postgres
--

ALTER TABLE ONLY public."Quality_Table"
    ADD CONSTRAINT "Quality_Table2_pkey" PRIMARY KEY ("Quality_id");


--
-- Name: Station_Table Station_Table_pkey; Type: CONSTRAINT; Schema: public; Owner: postgres
--

ALTER TABLE ONLY public."Station_Table"
    ADD CONSTRAINT "Station_Table_pkey" PRIMARY KEY ("Station_id");


--
-- Name: station_point_table station_point_table_pkey; Type: CONSTRAINT; Schema: public; Owner: postgres
--

ALTER TABLE ONLY public.station_point_table
    ADD CONSTRAINT station_point_table_pkey PRIMARY KEY (station_id, scada_key);


--
-- PostgreSQL database dump complete
--

